sv-001:m26n712-s508,m26n712-s508
sv-001:m26n712-s511,m26n712-s511
sv-001:m26n705-s502,m26n705-s502
sv-001:m26n701-s505,m26n701-s505
sv-001:m26n701-s502,m26n701-s502
sv-001:m26n701-s507,m26n701-s507
sv-001:m26n705-s505,m26n705-s505
sv-001:m26n701-s510,m26n701-s510
sv-001:m26n715-s506,m26n715-s506
sv-001:m26n715-s503,m26n715-s503
sv-001:m26n714-s510,m26n714-s510
sv-001:m26n714-s507,m26n714-s507
sv-001:m26n710-s511,m26n710-s511
sv-001:m26n710-s508,m26n710-s508
sv-001:m26n710-s503,m26n710-s503
sv-001:m26n710-s506,m26n710-s506
sv-001:m26n707-s502,m26n707-s502
sv-001:m26n712-s506,m26n712-s506
sv-001:m26n712-s503,m26n712-s503
sv-001:m26n707-s505,m26n707-s505
sv-001:m26n707-s510,m26n707-s510
sv-001:m26n707-s507,m26n707-s507
sv-001:m26n704-s508,m26n704-s508
sv-001:m26n706-s508,m26n706-s508
sv-001:m26n704-s506,m26n704-s506
sv-001:m26n706-s511,m26n706-s511
sv-001:m26n704-s503,m26n704-s503
sv-001:m26n705-s507,m26n705-s507
sv-001:m26n704-s511,m26n704-s511
sv-001:m26n702-s503,m26n702-s503
sv-001:m26n702-s506,m26n702-s506
sv-001:m26n702-s508,m26n702-s508
sv-001:m26n705-s510,m26n705-s510
sv-001:m26n702-s511,m26n702-s511
sv-001:m26n714-s508,m26n714-s508
sv-001:m26n701-s508,m26n701-s508
sv-001:m26n714-s503,m26n714-s503
sv-001:m26n714-s506,m26n714-s506
sv-001:m26n705-s508,m26n705-s508
sv-001:m26n707-s511,m26n707-s511
sv-001:m26n705-s506,m26n705-s506
sv-001:m26n701-s503,m26n701-s503
sv-001:m26n710-s502,m26n710-s502
sv-001:m26n701-s506,m26n701-s506
sv-001:m26n705-s503,m26n705-s503
sv-001:m26n701-s511,m26n701-s511
sv-001:m26n712-s507,m26n712-s507
sv-001:m26n710-s510,m26n710-s510
sv-001:m26n714-s511,m26n714-s511
sv-001:m26n712-s510,m26n712-s510
sv-001:m26n701-s520,m26n701-s520
sv-001:m26n705-s511,m26n705-s511
sv-001:m26n712-s505,m26n712-s505
sv-001:m26n710-s507,m26n710-s507
sv-001:m26n714-s502,m26n714-s502
sv-001:m26n707-s508,m26n707-s508
sv-001:m26n715-s507,m26n715-s507
sv-001:m26n715-s502,m26n715-s502
sv-001:m26n715-s510,m26n715-s510
sv-001:m26n707-s503,m26n707-s503
sv-001:m26n711-s506,m26n711-s506
sv-001:m26n712-s502,m26n712-s502
sv-001:m26n714-s520,m26n714-s520
sv-001:m26n710-s505,m26n710-s505
sv-001:m26n707-s506,m26n707-s506
sv-001:m26n715-s505,m26n715-s505
sv-001:m26n711-s508,m26n711-s508
sv-001:m26n714-s505,m26n714-s505
sv-001:m26n703-s508,m26n703-s508
sv-001:m26n711-s502,m26n711-s502
sv-001:m26n703-s506,m26n703-s506
sv-001:m26n706-s506,m26n706-s506
sv-001:m26n704-s507,m26n704-s507
sv-001:m26n706-s502,m26n706-s502
sv-001:m26n711-s505,m26n711-s505
sv-001:m26n702-s505,m26n702-s505
sv-001:m26n715-s508,m26n715-s508
sv-001:m26n703-s502,m26n703-s502
sv-001:m26n702-s502,m26n702-s502
sv-001:m26n703-s503,m26n703-s503
sv-001:m26n703-s511,m26n703-s511
sv-001:m26n715-s511,m26n715-s511
sv-001:m26n703-s505,m26n703-s505
sv-001:m26n703-s507,m26n703-s507
sv-001:m26n704-s502,m26n704-s502
sv-001:m26n704-s510,m26n704-s510
sv-001:m26n711-s503,m26n711-s503
sv-001:m26n706-s503,m26n706-s503
sv-001:m26n706-s510,m26n706-s510
sv-001:m26n711-s510,m26n711-s510
sv-001:m26n711-s511,m26n711-s511
sv-001:m26n711-s507,m26n711-s507
sv-001:m26n706-s505,m26n706-s505
sv-001:m26n704-s505,m26n704-s505
sv-001:m26n702-s507,m26n702-s507
sv-001:m26n702-s510,m26n702-s510
sv-001:m26n706-s507,m26n706-s507
sv-001:m26n707-s520,m26n707-s520
sv-001:m26n705-s520,m26n705-s520
sv-001:m26n720-s506,m26n720-s506
sv-001:m26n720-s511,m26n720-s511
sv-001:m26n720-s503,m26n720-s503
sv-001:m26n720-s508,m26n720-s508
sv-002:m26n704-s508,m26n704-s508
sv-002:m26n706-s508,m26n706-s508
sv-002:m26n704-s503,m26n704-s503
sv-002:m26n704-s506,m26n704-s506
sv-002:m26n706-s511,m26n706-s511
sv-002:m26n704-s511,m26n704-s511
sv-002:m26n703-s502,m26n703-s502
sv-002:m26n703-s505,m26n703-s505
sv-002:m26n706-s503,m26n706-s503
sv-002:m26n703-s510,m26n703-s510
sv-002:m26n703-s507,m26n703-s507
sv-002:m26n706-s506,m26n706-s506
sv-002:m26n707-s502,m26n707-s502
sv-002:m26n707-s505,m26n707-s505
sv-002:m26n712-s506,m26n712-s506
sv-002:m26n707-s510,m26n707-s510
sv-002:m26n712-s503,m26n712-s503
sv-002:m26n714-s510,m26n714-s510
sv-002:m26n714-s507,m26n714-s507
sv-002:m26n707-s507,m26n707-s507
sv-002:m26n715-s506,m26n715-s506
sv-002:m26n715-s503,m26n715-s503
sv-002:m26n703-s508,m26n703-s508
sv-002:m26n703-s511,m26n703-s511
sv-002:m26n711-s511,m26n711-s511
sv-002:m26n707-s508,m26n707-s508
sv-002:m26n707-s511,m26n707-s511
sv-002:m26n704-s502,m26n704-s502
sv-002:m26n714-s508,m26n714-s508
sv-002:m26n707-s506,m26n707-s506
sv-002:m26n707-s503,m26n707-s503
sv-002:m26n704-s510,m26n704-s510
sv-002:m26n704-s505,m26n704-s505
sv-002:m26n712-s508,m26n712-s508
sv-002:m26n705-s508,m26n705-s508
sv-002:m26n701-s508,m26n701-s508
sv-002:m26n711-s508,m26n711-s508
sv-002:m26n714-s506,m26n714-s506
sv-002:m26n714-s503,m26n714-s503
sv-002:m26n706-s502,m26n706-s502
sv-002:m26n703-s506,m26n703-s506
sv-002:m26n701-s506,m26n701-s506
sv-002:m26n712-s511,m26n712-s511
sv-002:m26n714-s511,m26n714-s511
sv-002:m26n702-s503,m26n702-s503
sv-002:m26n702-s511,m26n702-s511
sv-002:m26n702-s506,m26n702-s506
sv-002:m26n704-s507,m26n704-s507
sv-002:m26n706-s510,m26n706-s510
sv-002:m26n715-s508,m26n715-s508
sv-002:m26n701-s503,m26n701-s503
sv-002:m26n701-s511,m26n701-s511
sv-002:m26n703-s503,m26n703-s503
sv-002:m26n706-s505,m26n706-s505
sv-002:m26n705-s511,m26n705-s511
sv-002:m26n710-s508,m26n710-s508
sv-002:m26n710-s511,m26n710-s511
sv-002:m26n711-s503,m26n711-s503
sv-002:m26n715-s511,m26n715-s511
sv-002:m26n702-s508,m26n702-s508
sv-002:m26n705-s506,m26n705-s506
sv-002:m26n705-s503,m26n705-s503
sv-002:m26n706-s507,m26n706-s507
sv-002:m26n710-s503,m26n710-s503
sv-002:m26n703-s520,m26n703-s520
sv-002:m26n715-s502,m26n715-s502
sv-002:m26n714-s520,m26n714-s520
sv-002:m26n712-s502,m26n712-s502
sv-003:m26n714-s502,m26n714-s502
sv-003:m26n714-s505,m26n714-s505
sv-003:m26n711-s505,m26n711-s505
sv-003:m26n711-s502,m26n711-s502
sv-003:m26n711-s507,m26n711-s507
sv-003:m26n703-s505,m26n703-s505
sv-003:m26n711-s510,m26n711-s510
sv-003:m26n703-s507,m26n703-s507
sv-003:m26n703-s502,m26n703-s502
sv-003:m26n715-s506,m26n715-s506
sv-003:m26n715-s503,m26n715-s503
sv-003:m26n703-s510,m26n703-s510
sv-003:m26n706-s503,m26n706-s503
sv-003:m26n706-s506,m26n706-s506
sv-003:m26n712-s508,m26n712-s508
sv-003:m26n712-s511,m26n712-s511
sv-003:m26n710-s503,m26n710-s503
sv-003:m26n710-s506,m26n710-s506
sv-003:m26n710-s508,m26n710-s508
sv-003:m26n710-s511,m26n710-s511
sv-003:m26n714-s510,m26n714-s510
sv-003:m26n714-s507,m26n714-s507
sv-003:m26n702-s503,m26n702-s503
sv-003:m26n702-s506,m26n702-s506
sv-003:m26n702-s508,m26n702-s508
sv-003:m26n705-s507,m26n705-s507
sv-003:m26n705-s510,m26n705-s510
sv-003:m26n702-s511,m26n702-s511
sv-003:m26n704-s506,m26n704-s506
sv-003:m26n704-s503,m26n704-s503
sv-003:m26n704-s508,m26n704-s508
sv-003:m26n711-s503,m26n711-s503
sv-003:m26n704-s511,m26n704-s511
sv-003:m26n706-s508,m26n706-s508
sv-003:m26n711-s520,m26n711-s520
sv-003:m26n703-s506,m26n703-s506
sv-003:m26n707-s502,m26n707-s502
sv-003:m26n707-s505,m26n707-s505
sv-003:m26n701-s505,m26n701-s505
sv-003:m26n706-s511,m26n706-s511
sv-003:m26n707-s507,m26n707-s507
sv-003:m26n701-s502,m26n701-s502
sv-003:m26n706-s502,m26n706-s502
sv-003:m26n714-s503,m26n714-s503
sv-003:m26n712-s502,m26n712-s502
sv-003:m26n703-s520,m26n703-s520
sv-003:m26n710-s502,m26n710-s502
sv-003:m26n705-s502,m26n705-s502
sv-003:m26n710-s505,m26n710-s505
sv-003:m26n715-s510,m26n715-s510
sv-003:m26n701-s507,m26n701-s507
sv-003:m26n707-s503,m26n707-s503
sv-003:m26n707-s506,m26n707-s506
sv-003:m26n710-s510,m26n710-s510
sv-003:m26n714-s508,m26n714-s508
sv-003:m26n703-s503,m26n703-s503
sv-003:m26n705-s505,m26n705-s505
sv-003:m26n712-s505,m26n712-s505
sv-003:m26n706-s507,m26n706-s507
sv-003:m26n704-s502,m26n704-s502
sv-003:m26n714-s506,m26n714-s506
sv-003:m26n701-s510,m26n701-s510
sv-003:m26n711-s506,m26n711-s506
sv-003:m26n704-s505,m26n704-s505
sv-003:m26n706-s510,m26n706-s510
sv-003:m26n712-s507,m26n712-s507
sv-003:m26n715-s505,m26n715-s505
sv-003:m26n714-s520,m26n714-s520
sv-003:m26n711-s508,m26n711-s508
sv-003:m26n711-s511,m26n711-s511
sv-003:m26n715-s502,m26n715-s502
sv-003:m26n704-s507,m26n704-s507
sv-003:m26n705-s506,m26n705-s506
sv-003:m26n712-s510,m26n712-s510
sv-003:m26n715-s508,m26n715-s508
sv-003:m26n712-s506,m26n712-s506
sv-003:m26n705-s520,m26n705-s520
sv-003:m26n703-s508,m26n703-s508
sv-003:m26n714-s511,m26n714-s511
sv-003:m26n720-s503,m26n720-s503
sv-003:m26n720-s506,m26n720-s506
sv-004:m26n707-s502,m26n707-s502
sv-004:m26n712-s506,m26n712-s506
sv-004:m26n707-s510,m26n707-s510
sv-004:m26n712-s503,m26n712-s503
sv-004:m26n707-s505,m26n707-s505
sv-004:m26n707-s507,m26n707-s507
sv-004:m26n707-s503,m26n707-s503
sv-004:m26n707-s506,m26n707-s506
sv-004:m26n707-s520,m26n707-s520
sv-004:m26n712-s502,m26n712-s502
sv-004:m26n714-s506,m26n714-s506
sv-004:m26n707-s508,m26n707-s508
sv-004:m26n714-s510,m26n714-s510
sv-004:m26n705-s503,m26n705-s503
sv-004:m26n712-s510,m26n712-s510
sv-004:m26n714-s502,m26n714-s502
sv-004:m26n702-s502,m26n702-s502
sv-004:m26n703-s502,m26n703-s502
sv-004:m26n702-s506,m26n702-s506
sv-004:m26n703-s506,m26n703-s506
sv-004:m26n714-s507,m26n714-s507
sv-004:m26n701-s503,m26n701-s503
sv-004:m26n701-s502,m26n701-s502
sv-004:m26n702-s503,m26n702-s503
sv-004:m26n706-s502,m26n706-s502
sv-004:m26n704-s502,m26n704-s502
sv-004:m26n704-s506,m26n704-s506
sv-004:m26n711-s506,m26n711-s506
sv-004:m26n704-s503,m26n704-s503
sv-004:m26n715-s503,m26n715-s503
sv-004:m26n712-s505,m26n712-s505
sv-004:m26n703-s503,m26n703-s503
sv-004:m26n701-s506,m26n701-s506
sv-004:m26n712-s507,m26n712-s507
sv-004:m26n712-s508,m26n712-s508
sv-004:m26n714-s505,m26n714-s505
sv-004:m26n711-s510,m26n711-s510
sv-004:m26n715-s506,m26n715-s506
sv-004:m26n705-s506,m26n705-s506
sv-004:m26n706-s503,m26n706-s503
sv-004:m26n706-s510,m26n706-s510
sv-004:m26n711-s502,m26n711-s502
sv-004:m26n706-s506,m26n706-s506
sv-004:m26n705-s502,m26n705-s502
sv-004:m26n707-s511,m26n707-s511
sv-004:m26n703-s510,m26n703-s510
sv-004:m26n710-s506,m26n710-s506
sv-004:m26n710-s510,m26n710-s510
sv-004:m26n701-s505,m26n701-s505
sv-004:m26n710-s505,m26n710-s505
sv-004:m26n704-s505,m26n704-s505
sv-004:m26n715-s502,m26n715-s502
sv-004:m26n715-s505,m26n715-s505
sv-004:m26n705-s505,m26n705-s505
sv-004:m26n705-s510,m26n705-s510
sv-004:m26n715-s510,m26n715-s510
sv-004:m26n707-s517,m26n707-s517
sv-005:m26n711-s502,m26n711-s502
sv-005:m26n711-s505,m26n711-s505
sv-005:m26n711-s507,m26n711-s507
sv-005:m26n711-s510,m26n711-s510
sv-005:m26n706-s503,m26n706-s503
sv-005:m26n714-s502,m26n714-s502
sv-005:m26n703-s505,m26n703-s505
sv-005:m26n703-s507,m26n703-s507
sv-005:m26n703-s502,m26n703-s502
sv-005:m26n714-s505,m26n714-s505
sv-005:m26n706-s506,m26n706-s506
sv-005:m26n703-s510,m26n703-s510
sv-005:m26n710-s503,m26n710-s503
sv-005:m26n710-s508,m26n710-s508
sv-005:m26n710-s511,m26n710-s511
sv-005:m26n710-s506,m26n710-s506
sv-005:m26n702-s503,m26n702-s503
sv-005:m26n702-s508,m26n702-s508
sv-005:m26n702-s506,m26n702-s506
sv-005:m26n712-s508,m26n712-s508
sv-005:m26n702-s511,m26n702-s511
sv-005:m26n705-s507,m26n705-s507
sv-005:m26n712-s511,m26n712-s511
sv-005:m26n705-s510,m26n705-s510
sv-005:m26n714-s507,m26n714-s507
sv-005:m26n714-s510,m26n714-s510
sv-005:m26n715-s506,m26n715-s506
sv-005:m26n715-s503,m26n715-s503
sv-005:m26n711-s508,m26n711-s508
sv-005:m26n711-s520,m26n711-s520
sv-005:m26n707-s502,m26n707-s502
sv-005:m26n703-s520,m26n703-s520
sv-005:m26n707-s505,m26n707-s505
sv-005:m26n705-s502,m26n705-s502
sv-005:m26n707-s510,m26n707-s510
sv-005:m26n707-s503,m26n707-s503
sv-005:m26n712-s502,m26n712-s502
sv-005:m26n702-s507,m26n702-s507
sv-005:m26n707-s507,m26n707-s507
sv-005:m26n711-s503,m26n711-s503
sv-005:m26n705-s505,m26n705-s505
sv-005:m26n701-s502,m26n701-s502
sv-005:m26n706-s510,m26n706-s510
sv-005:m26n702-s502,m26n702-s502
sv-005:m26n702-s505,m26n702-s505
sv-005:m26n714-s503,m26n714-s503
sv-005:m26n711-s506,m26n711-s506
sv-005:m26n714-s508,m26n714-s508
sv-005:m26n701-s505,m26n701-s505
sv-005:m26n701-s507,m26n701-s507
sv-005:m26n702-s510,m26n702-s510
sv-005:m26n703-s508,m26n703-s508
sv-005:m26n706-s502,m26n706-s502
sv-005:m26n704-s510,m26n704-s510
sv-005:m26n705-s503,m26n705-s503
sv-005:m26n712-s505,m26n712-s505
sv-005:m26n706-s505,m26n706-s505
sv-005:m26n706-s508,m26n706-s508
sv-005:m26n710-s502,m26n710-s502
sv-005:m26n710-s507,m26n710-s507
sv-005:m26n712-s510,m26n712-s510
sv-005:m26n701-s506,m26n701-s506
sv-005:m26n705-s506,m26n705-s506
sv-005:m26n710-s510,m26n710-s510
sv-005:m26n703-s506,m26n703-s506
sv-005:m26n704-s503,m26n704-s503
sv-005:m26n705-s511,m26n705-s511
sv-005:m26n712-s506,m26n712-s506
sv-005:m26n703-s503,m26n703-s503
sv-005:m26n710-s505,m26n710-s505
sv-005:m26n705-s520,m26n705-s520
sv-005:m26n703-s511,m26n703-s511
sv-005:m26n711-s511,m26n711-s511
sv-005:m26n714-s511,m26n714-s511
sv-005:m26n715-s510,m26n715-s510
sv-005:m26n720-s506,m26n720-s506
sv-005:m26n720-s511,m26n720-s511
sv-005:m26n711-s517,m26n711-s517
sv-006:m26n703-s505,m26n703-s505
sv-006:m26n703-s507,m26n703-s507
sv-006:m26n703-s502,m26n703-s502
sv-006:m26n706-s503,m26n706-s503
sv-006:m26n702-s503,m26n702-s503
sv-006:m26n702-s508,m26n702-s508
sv-006:m26n702-s506,m26n702-s506
sv-006:m26n703-s510,m26n703-s510
sv-006:m26n706-s506,m26n706-s506
sv-006:m26n705-s507,m26n705-s507
sv-006:m26n702-s511,m26n702-s511
sv-006:m26n705-s510,m26n705-s510
sv-006:m26n714-s510,m26n714-s510
sv-006:m26n714-s507,m26n714-s507
sv-006:m26n715-s506,m26n715-s506
sv-006:m26n715-s503,m26n715-s503
sv-006:m26n702-s510,m26n702-s510
sv-006:m26n703-s520,m26n703-s520
sv-006:m26n703-s503,m26n703-s503
sv-006:m26n702-s507,m26n702-s507
sv-006:m26n705-s520,m26n705-s520
sv-006:m26n702-s502,m26n702-s502
sv-006:m26n707-s510,m26n707-s510
sv-006:m26n702-s505,m26n702-s505
sv-006:m26n707-s508,m26n707-s508
sv-006:m26n701-s507,m26n701-s507
sv-006:m26n703-s508,m26n703-s508
sv-006:m26n712-s503,m26n712-s503
sv-006:m26n705-s503,m26n705-s503
sv-006:m26n707-s511,m26n707-s511
sv-006:m26n701-s503,m26n701-s503
sv-006:m26n701-s506,m26n701-s506
sv-006:m26n715-s507,m26n715-s507
sv-006:m26n704-s510,m26n704-s510
sv-006:m26n701-s510,m26n701-s510
sv-006:m26n703-s511,m26n703-s511
sv-006:m26n705-s508,m26n705-s508
sv-006:m26n710-s507,m26n710-s507
sv-006:m26n705-s511,m26n705-s511
sv-006:m26n706-s505,m26n706-s505
sv-006:m26n722-s507,m26n722-s507
sv-007:m26n712-s508,m26n712-s508
sv-007:m26n705-s502,m26n705-s502
sv-007:m26n712-s511,m26n712-s511
sv-007:m26n701-s505,m26n701-s505
sv-007:m26n701-s507,m26n701-s507
sv-007:m26n705-s505,m26n705-s505
sv-007:m26n701-s510,m26n701-s510
sv-007:m26n701-s502,m26n701-s502
sv-007:m26n715-s506,m26n715-s506
sv-007:m26n715-s503,m26n715-s503
sv-007:m26n714-s510,m26n714-s510
sv-007:m26n714-s507,m26n714-s507
sv-007:m26n710-s508,m26n710-s508
sv-007:m26n710-s511,m26n710-s511
sv-007:m26n710-s503,m26n710-s503
sv-007:m26n710-s506,m26n710-s506
sv-007:m26n712-s506,m26n712-s506
sv-007:m26n712-s503,m26n712-s503
sv-007:m26n707-s502,m26n707-s502
sv-007:m26n707-s505,m26n707-s505
sv-007:m26n707-s510,m26n707-s510
sv-007:m26n707-s507,m26n707-s507
sv-007:m26n706-s511,m26n706-s511
sv-007:m26n706-s508,m26n706-s508
sv-007:m26n704-s508,m26n704-s508
sv-007:m26n705-s507,m26n705-s507
sv-007:m26n704-s506,m26n704-s506
sv-007:m26n702-s503,m26n702-s503
sv-007:m26n702-s508,m26n702-s508
sv-007:m26n702-s506,m26n702-s506
sv-007:m26n705-s510,m26n705-s510
sv-007:m26n704-s503,m26n704-s503
sv-007:m26n704-s511,m26n704-s511
sv-007:m26n702-s511,m26n702-s511
sv-007:m26n714-s508,m26n714-s508
sv-007:m26n714-s506,m26n714-s506
sv-007:m26n707-s511,m26n707-s511
sv-007:m26n705-s503,m26n705-s503
sv-007:m26n707-s508,m26n707-s508
sv-007:m26n705-s508,m26n705-s508
sv-007:m26n701-s506,m26n701-s506
sv-007:m26n701-s508,m26n701-s508
sv-007:m26n711-s506,m26n711-s506
sv-007:m26n712-s505,m26n712-s505
sv-007:m26n710-s505,m26n710-s505
sv-007:m26n701-s503,m26n701-s503
sv-007:m26n714-s511,m26n714-s511
sv-007:m26n701-s511,m26n701-s511
sv-007:m26n707-s503,m26n707-s503
sv-007:m26n714-s505,m26n714-s505
sv-007:m26n707-s506,m26n707-s506
sv-007:m26n703-s508,m26n703-s508
sv-007:m26n702-s510,m26n702-s510
sv-007:m26n704-s505,m26n704-s505
sv-007:m26n702-s502,m26n702-s502
sv-007:m26n706-s505,m26n706-s505
sv-007:m26n706-s507,m26n706-s507
sv-008:m26n712-s508,m26n712-s508
sv-008:m26n712-s511,m26n712-s511
sv-008:m26n705-s502,m26n705-s502
sv-008:m26n701-s505,m26n701-s505
sv-008:m26n701-s507,m26n701-s507
sv-008:m26n701-s502,m26n701-s502
sv-008:m26n705-s505,m26n705-s505
sv-008:m26n701-s510,m26n701-s510
sv-008:m26n710-s511,m26n710-s511
sv-008:m26n710-s508,m26n710-s508
sv-008:m26n710-s503,m26n710-s503
sv-008:m26n710-s506,m26n710-s506
sv-008:m26n702-s503,m26n702-s503
sv-008:m26n705-s507,m26n705-s507
sv-008:m26n702-s508,m26n702-s508
sv-008:m26n702-s506,m26n702-s506
sv-008:m26n705-s510,m26n705-s510
sv-008:m26n702-s511,m26n702-s511
sv-008:m26n707-s502,m26n707-s502
sv-008:m26n712-s506,m26n712-s506
sv-008:m26n712-s503,m26n712-s503
sv-008:m26n707-s505,m26n707-s505
sv-008:m26n707-s510,m26n707-s510
sv-008:m26n707-s507,m26n707-s507
sv-008:m26n715-s506,m26n715-s506
sv-008:m26n715-s503,m26n715-s503
sv-008:m26n706-s511,m26n706-s511
sv-008:m26n704-s508,m26n704-s508
sv-008:m26n704-s506,m26n704-s506
sv-008:m26n706-s508,m26n706-s508
sv-008:m26n704-s503,m26n704-s503
sv-008:m26n704-s511,m26n704-s511
sv-008:m26n714-s510,m26n714-s510
sv-008:m26n714-s507,m26n714-s507
sv-008:m26n707-s511,m26n707-s511
sv-008:m26n707-s508,m26n707-s508
sv-009:m26n705-s502,m26n705-s502
sv-009:m26n701-s505,m26n701-s505
sv-009:m26n701-s510,m26n701-s510
sv-009:m26n701-s502,m26n701-s502
sv-009:m26n705-s505,m26n705-s505
sv-009:m26n701-s507,m26n701-s507
sv-009:m26n715-s506,m26n715-s506
sv-009:m26n714-s510,m26n714-s510
sv-009:m26n715-s503,m26n715-s503
sv-009:m26n714-s507,m26n714-s507
sv-009:m26n707-s502,m26n707-s502
sv-009:m26n707-s505,m26n707-s505
sv-009:m26n707-s510,m26n707-s510
sv-009:m26n712-s506,m26n712-s506
sv-009:m26n707-s507,m26n707-s507
sv-009:m26n712-s503,m26n712-s503
sv-009:m26n701-s520,m26n701-s520
sv-009:m26n712-s505,m26n712-s505
sv-009:m26n701-s503,m26n701-s503
sv-009:m26n703-s502,m26n703-s502
sv-009:m26n714-s502,m26n714-s502
sv-009:m26n712-s502,m26n712-s502
sv-009:m26n711-s502,m26n711-s502
sv-009:m26n704-s502,m26n704-s502
sv-009:m26n714-s505,m26n714-s505
sv-009:m26n704-s505,m26n704-s505
sv-009:m26n702-s502,m26n702-s502
sv-009:m26n703-s505,m26n703-s505
sv-009:m26n702-s505,m26n702-s505
sv-009:m26n701-s508,m26n701-s508
sv-009:m26n705-s507,m26n705-s507
sv-009:m26n710-s502,m26n710-s502
sv-009:m26n704-s506,m26n704-s506
sv-009:m26n705-s510,m26n705-s510
sv-009:m26n704-s503,m26n704-s503
sv-009:m26n706-s505,m26n706-s505
sv-009:m26n704-s510,m26n704-s510
sv-009:m26n712-s507,m26n712-s507
sv-009:m26n706-s502,m26n706-s502
sv-009:m26n712-s510,m26n712-s510
sv-009:m26n715-s502,m26n715-s502
sv-009:m26n701-s506,m26n701-s506
sv-009:m26n704-s507,m26n704-s507
sv-010:m26n711-s502,m26n711-s502
sv-010:m26n711-s505,m26n711-s505
sv-010:m26n714-s502,m26n714-s502
sv-010:m26n711-s507,m26n711-s507
sv-010:m26n711-s510,m26n711-s510
sv-010:m26n714-s505,m26n714-s505
sv-010:m26n706-s503,m26n706-s503
sv-010:m26n703-s507,m26n703-s507
sv-010:m26n703-s502,m26n703-s502
sv-010:m26n703-s505,m26n703-s505
sv-010:m26n704-s508,m26n704-s508
sv-010:m26n704-s506,m26n704-s506
sv-010:m26n714-s507,m26n714-s507
sv-010:m26n706-s506,m26n706-s506
sv-010:m26n714-s510,m26n714-s510
sv-010:m26n704-s503,m26n704-s503
sv-010:m26n706-s508,m26n706-s508
sv-010:m26n706-s511,m26n706-s511
sv-010:m26n703-s510,m26n703-s510
sv-010:m26n704-s511,m26n704-s511
sv-010:m26n702-s503,m26n702-s503
sv-010:m26n705-s507,m26n705-s507
sv-010:m26n705-s510,m26n705-s510
sv-010:m26n702-s508,m26n702-s508
sv-010:m26n702-s506,m26n702-s506
sv-010:m26n702-s511,m26n702-s511
sv-010:m26n705-s505,m26n705-s505
sv-010:m26n711-s520,m26n711-s520
sv-010:m26n707-s505,m26n707-s505
sv-010:m26n701-s505,m26n701-s505
sv-010:m26n701-s510,m26n701-s510
sv-010:m26n707-s502,m26n707-s502
sv-010:m26n707-s510,m26n707-s510
sv-010:m26n704-s502,m26n704-s502
sv-010:m26n707-s507,m26n707-s507
sv-010:m26n711-s503,m26n711-s503
sv-010:m26n714-s503,m26n714-s503
sv-010:m26n714-s517,m26n714-s517
sv-011:m26n714-s502,m26n714-s502
sv-011:m26n714-s505,m26n714-s505
sv-011:m26n711-s502,m26n711-s502
sv-011:m26n711-s505,m26n711-s505
sv-011:m26n711-s510,m26n711-s510
sv-011:m26n711-s507,m26n711-s507
sv-011:m26n706-s503,m26n706-s503
sv-011:m26n706-s506,m26n706-s506
sv-011:m26n703-s505,m26n703-s505
sv-011:m26n703-s507,m26n703-s507
sv-011:m26n703-s502,m26n703-s502
sv-011:m26n703-s510,m26n703-s510
sv-011:m26n711-s520,m26n711-s520
sv-011:m26n705-s502,m26n705-s502
sv-011:m26n707-s502,m26n707-s502
sv-011:m26n705-s505,m26n705-s505
sv-011:m26n714-s510,m26n714-s510
sv-011:m26n701-s502,m26n701-s502
sv-011:m26n701-s505,m26n701-s505
sv-011:m26n707-s507,m26n707-s507
sv-011:m26n714-s507,m26n714-s507
sv-011:m26n701-s510,m26n701-s510
sv-011:m26n706-s505,m26n706-s505
sv-011:m26n704-s502,m26n704-s502
sv-011:m26n704-s505,m26n704-s505
sv-011:m26n711-s503,m26n711-s503
sv-011:m26n715-s502,m26n715-s502
sv-011:m26n715-s506,m26n715-s506
sv-011:m26n702-s503,m26n702-s503
sv-011:m26n705-s507,m26n705-s507
sv-011:m26n714-s503,m26n714-s503
sv-011:m26n703-s520,m26n703-s520
sv-011:m26n704-s507,m26n704-s507
sv-011:m26n702-s506,m26n702-s506
sv-011:m26n702-s508,m26n702-s508
sv-011:m26n702-s511,m26n702-s511
sv-011:m26n705-s510,m26n705-s510
sv-012:m26n707-s502,m26n707-s502
sv-012:m26n707-s505,m26n707-s505
sv-012:m26n707-s510,m26n707-s510
sv-012:m26n712-s506,m26n712-s506
sv-012:m26n712-s503,m26n712-s503
sv-012:m26n707-s507,m26n707-s507
sv-012:m26n715-s506,m26n715-s506
sv-012:m26n714-s510,m26n714-s510
sv-012:m26n715-s503,m26n715-s503
sv-012:m26n714-s507,m26n714-s507
sv-012:m26n704-s506,m26n704-s506
sv-012:m26n706-s508,m26n706-s508
sv-012:m26n704-s503,m26n704-s503
sv-012:m26n704-s511,m26n704-s511
sv-012:m26n706-s511,m26n706-s511
sv-012:m26n704-s508,m26n704-s508
sv-012:m26n707-s520,m26n707-s520
sv-012:m26n705-s503,m26n705-s503
sv-012:m26n707-s503,m26n707-s503
sv-012:m26n707-s506,m26n707-s506
sv-013:m26n714-s502,m26n714-s502
sv-013:m26n714-s505,m26n714-s505
sv-013:m26n711-s502,m26n711-s502
sv-013:m26n711-s505,m26n711-s505
sv-013:m26n711-s510,m26n711-s510
sv-013:m26n711-s507,m26n711-s507
sv-013:m26n705-s507,m26n705-s507
sv-013:m26n702-s503,m26n702-s503
sv-013:m26n702-s506,m26n702-s506
sv-013:m26n702-s508,m26n702-s508
sv-013:m26n705-s510,m26n705-s510
sv-013:m26n702-s511,m26n702-s511
sv-013:m26n705-s520,m26n705-s520
sv-014:m26n702-s503,m26n702-s503
sv-014:m26n702-s508,m26n702-s508
sv-014:m26n702-s506,m26n702-s506
sv-014:m26n702-s511,m26n702-s511
sv-014:m26n705-s507,m26n705-s507
sv-014:m26n705-s510,m26n705-s510
sv-014:m26n714-s510,m26n714-s510
sv-014:m26n714-s507,m26n714-s507
sv-014:m26n715-s506,m26n715-s506
sv-014:m26n715-s503,m26n715-s503
sv-014:m26n705-s520,m26n705-s520
sv-014:m26n707-s508,m26n707-s508
sv-014:m26n707-s506,m26n707-s506
sv-014:m26n707-s503,m26n707-s503
sv-014:m26n714-s508,m26n714-s508
sv-014:m26n702-s507,m26n702-s507
sv-014:m26n705-s506,m26n705-s506
sv-014:m26n705-s508,m26n705-s508
sv-014:m26n705-s502,m26n705-s502
sv-014:m26n707-s510,m26n707-s510
sv-014:m26n714-s503,m26n714-s503
sv-015:m26n705-s502,m26n705-s502
sv-015:m26n701-s505,m26n701-s505
sv-015:m26n701-s510,m26n701-s510
sv-015:m26n701-s502,m26n701-s502
sv-015:m26n705-s505,m26n705-s505
sv-015:m26n701-s507,m26n701-s507
sv-016:m26n714-s502,m26n714-s502
sv-016:m26n714-s505,m26n714-s505
sv-016:m26n711-s502,m26n711-s502
sv-016:m26n711-s505,m26n711-s505
sv-016:m26n711-s507,m26n711-s507
sv-016:m26n711-s510,m26n711-s510
sv-016:m26n706-s508,m26n706-s508
sv-016:m26n704-s511,m26n704-s511
sv-016:m26n704-s508,m26n704-s508
sv-016:m26n706-s511,m26n706-s511
sv-016:m26n704-s503,m26n704-s503
sv-016:m26n701-s507,m26n701-s507
sv-016:m26n705-s507,m26n705-s507
sv-016:m26n702-s506,m26n702-s506
sv-016:m26n705-s510,m26n705-s510
sv-016:m26n702-s508,m26n702-s508
sv-016:m26n702-s503,m26n702-s503
sv-016:m26n702-s511,m26n702-s511
sv-017:m26n703-s505,m26n703-s505
sv-017:m26n703-s502,m26n703-s502
sv-017:m26n703-s507,m26n703-s507
sv-017:m26n706-s503,m26n706-s503
sv-017:m26n703-s510,m26n703-s510
sv-017:m26n706-s506,m26n706-s506
sv-017:m26n702-s508,m26n702-s508
sv-017:m26n702-s503,m26n702-s503
sv-017:m26n702-s506,m26n702-s506
sv-017:m26n702-s511,m26n702-s511
sv-017:m26n705-s507,m26n705-s507
sv-017:m26n715-s503,m26n715-s503
sv-017:m26n715-s506,m26n715-s506
sv-017:m26n705-s510,m26n705-s510
sv-017:m26n706-s511,m26n706-s511
sv-017:m26n714-s507,m26n714-s507
sv-017:m26n714-s510,m26n714-s510
sv-017:m26n703-s520,m26n703-s520
sv-017:m26n703-s506,m26n703-s506
sv-017:m26n707-s510,m26n707-s510
sv-018:m26n714-s510,m26n714-s510
sv-018:m26n714-s507,m26n714-s507
sv-018:m26n715-s506,m26n715-s506
sv-018:m26n715-s503,m26n715-s503
sv-018:m26n714-s520,m26n714-s520
sv-018:m26n707-s510,m26n707-s510
sv-018:m26n714-s506,m26n714-s506
sv-019:m26n715-s506,m26n715-s506
sv-019:m26n715-s503,m26n715-s503
sv-019:m26n714-s510,m26n714-s510
sv-019:m26n714-s507,m26n714-s507
sv-020:m26n702-s503,m26n702-s503
sv-020:m26n702-s506,m26n702-s506
sv-020:m26n705-s507,m26n705-s507
sv-020:m26n702-s508,m26n702-s508
sv-020:m26n705-s510,m26n705-s510
sv-020:m26n702-s511,m26n702-s511
sv-020:m26n715-s506,m26n715-s506
sv-020:m26n715-s503,m26n715-s503
sv-020:m26n714-s507,m26n714-s507
sv-020:m26n714-s510,m26n714-s510
sv-020:m26n707-s506,m26n707-s506
sv-020:m26n705-s508,m26n705-s508
sv-020:m26n702-s507,m26n702-s507
sv-020:m26n704-s503,m26n704-s503
sv-021:m26n707-s502,m26n707-s502
sv-021:m26n707-s505,m26n707-s505
sv-021:m26n712-s506,m26n712-s506
sv-021:m26n707-s510,m26n707-s510
sv-021:m26n712-s503,m26n712-s503
sv-021:m26n707-s507,m26n707-s507
sv-022:m26n706-s503,m26n706-s503
sv-022:m26n703-s502,m26n703-s502
sv-022:m26n703-s505,m26n703-s505
sv-022:m26n706-s506,m26n706-s506
sv-022:m26n703-s510,m26n703-s510
sv-022:m26n703-s507,m26n703-s507
sv-023:m26n702-s506,m26n702-s506
sv-023:m26n702-s503,m26n702-s503
sv-023:m26n702-s508,m26n702-s508
sv-023:m26n705-s507,m26n705-s507
sv-023:m26n702-s511,m26n702-s511
sv-023:m26n705-s510,m26n705-s510
sv-023:m26n715-s506,m26n715-s506
sv-023:m26n715-s503,m26n715-s503
sv-023:m26n714-s507,m26n714-s507
sv-023:m26n714-s510,m26n714-s510
sv-023:m26n705-s508,m26n705-s508
sv-023:m26n702-s502,m26n702-s502
sv-023:m26n714-s506,m26n714-s506
sv-023:m26n705-s520,m26n705-s520
sv-023:m26n705-s506,m26n705-s506
sv-023:m26n701-s503,m26n701-s503
sv-024:m26n714-s502,m26n714-s502
sv-024:m26n714-s505,m26n714-s505
sv-024:m26n711-s502,m26n711-s502
sv-024:m26n711-s505,m26n711-s505
sv-024:m26n711-s510,m26n711-s510
sv-024:m26n711-s507,m26n711-s507
sv-024:m26n715-s506,m26n715-s506
sv-024:m26n715-s503,m26n715-s503
sv-024:m26n714-s507,m26n714-s507
sv-024:m26n714-s510,m26n714-s510
sv-024:m26n703-s502,m26n703-s502
sv-025:m26n715-s506,m26n715-s506
sv-025:m26n715-s503,m26n715-s503
sv-025:m26n714-s510,m26n714-s510
sv-025:m26n714-s507,m26n714-s507
sv-025:m26n714-s520,m26n714-s520
sv-026:m26n715-s506,m26n715-s506
sv-026:m26n715-s503,m26n715-s503
sv-026:m26n714-s510,m26n714-s510
sv-026:m26n714-s507,m26n714-s507
sv-026:m26n701-s510,m26n701-s510
sv-026:m26n701-s505,m26n701-s505
sv-026:m26n701-s507,m26n701-s507
sv-026:m26n701-s502,m26n701-s502
sv-026:m26n705-s505,m26n705-s505
sv-026:m26n715-s502,m26n715-s502
sv-027:m26n712-s508,m26n712-s508
sv-027:m26n712-s511,m26n712-s511
sv-027:m26n710-s508,m26n710-s508
sv-027:m26n710-s511,m26n710-s511
sv-027:m26n710-s503,m26n710-s503
sv-027:m26n710-s506,m26n710-s506
sv-027:m26n707-s502,m26n707-s502
sv-027:m26n712-s503,m26n712-s503
sv-027:m26n712-s506,m26n712-s506
sv-027:m26n707-s510,m26n707-s510
sv-027:m26n707-s505,m26n707-s505
sv-027:m26n707-s507,m26n707-s507
sv-028:m26n714-s502,m26n714-s502
sv-028:m26n714-s505,m26n714-s505
sv-028:m26n711-s502,m26n711-s502
sv-028:m26n711-s505,m26n711-s505
sv-028:m26n711-s507,m26n711-s507
sv-028:m26n711-s510,m26n711-s510
sv-028:m26n711-s520,m26n711-s520
sv-029:m26n702-s503,m26n702-s503
sv-029:m26n705-s507,m26n705-s507
sv-029:m26n702-s506,m26n702-s506
sv-029:m26n702-s508,m26n702-s508
sv-029:m26n705-s510,m26n705-s510
sv-029:m26n702-s511,m26n702-s511
sv-029:m26n705-s520,m26n705-s520
sv-030:m26n715-s506,m26n715-s506
sv-030:m26n714-s510,m26n714-s510
sv-030:m26n714-s507,m26n714-s507
sv-030:m26n715-s503,m26n715-s503
sv-031:m26n712-s508,m26n712-s508
sv-031:m26n712-s511,m26n712-s511
sv-031:m26n710-s503,m26n710-s503
sv-031:m26n710-s508,m26n710-s508
sv-031:m26n710-s511,m26n710-s511
sv-031:m26n710-s506,m26n710-s506
sv-032:m26n702-s503,m26n702-s503
sv-032:m26n702-s506,m26n702-s506
sv-032:m26n702-s508,m26n702-s508
sv-032:m26n705-s507,m26n705-s507
sv-032:m26n702-s511,m26n702-s511
sv-032:m26n705-s510,m26n705-s510
sv-032:m26n715-s503,m26n715-s503
sv-032:m26n715-s506,m26n715-s506
sv-032:m26n714-s510,m26n714-s510
sv-032:m26n714-s507,m26n714-s507
sv-033:m26n703-s507,m26n703-s507
sv-033:m26n706-s503,m26n706-s503
sv-033:m26n703-s502,m26n703-s502
sv-033:m26n703-s505,m26n703-s505
sv-033:m26n706-s506,m26n706-s506
sv-033:m26n703-s510,m26n703-s510
sv-033:m26n701-s505,m26n701-s505
sv-033:m26n701-s502,m26n701-s502
sv-033:m26n701-s507,m26n701-s507
sv-033:m26n701-s510,m26n701-s510
sv-033:m26n705-s505,m26n705-s505
sv-033:m26n705-s502,m26n705-s502
sv-033:m26n714-s507,m26n714-s507
sv-033:m26n715-s506,m26n715-s506
sv-033:m26n714-s510,m26n714-s510
sv-033:m26n704-s508,m26n704-s508
sv-034:m26n702-s503,m26n702-s503
sv-034:m26n702-s508,m26n702-s508
sv-034:m26n702-s506,m26n702-s506
sv-034:m26n705-s507,m26n705-s507
sv-034:m26n706-s508,m26n706-s508
sv-034:m26n705-s510,m26n705-s510
sv-034:m26n706-s511,m26n706-s511
sv-034:m26n704-s508,m26n704-s508
sv-034:m26n704-s506,m26n704-s506
sv-034:m26n702-s511,m26n702-s511
sv-034:m26n704-s511,m26n704-s511
sv-034:m26n704-s503,m26n704-s503
sv-035:m26n702-s503,m26n702-s503
sv-035:m26n702-s508,m26n702-s508
sv-035:m26n702-s506,m26n702-s506
sv-035:m26n702-s511,m26n702-s511
sv-035:m26n705-s507,m26n705-s507
sv-035:m26n705-s510,m26n705-s510
sv-035:m26n715-s506,m26n715-s506
sv-035:m26n715-s503,m26n715-s503
sv-035:m26n714-s507,m26n714-s507
sv-035:m26n714-s510,m26n714-s510
sv-036:m26n714-s510,m26n714-s510
sv-036:m26n714-s507,m26n714-s507
sv-036:m26n715-s503,m26n715-s503
sv-036:m26n715-s506,m26n715-s506
sv-036:m26n714-s520,m26n714-s520
sv-036:m26n712-s506,m26n712-s506
sv-036:m26n705-s507,m26n705-s507
sv-036:m26n702-s503,m26n702-s503
sv-036:m26n715-s511,m26n715-s511
sv-036:m26n703-s510,m26n703-s510
sv-036:m26n705-s510,m26n705-s510
sv-036:m26n706-s511,m26n706-s511
sv-036:m26n707-s507,m26n707-s507
sv-036:m26n701-s507,m26n701-s507
sv-036:m26n702-s511,m26n702-s511
sv-036:m26n705-s502,m26n705-s502
sv-036:m26n728-s515,m26n728-s515
sv-036:m26n706-s503,m26n706-s503
sv-036:m26n706-s508,m26n706-s508
sv-036:m26n704-s506,m26n704-s506
sv-036:m26n714-s505,m26n714-s505
sv-036:m26n714-s503,m26n714-s503
sv-036:m26n715-s508,m26n715-s508
sv-037:m26n702-s503,m26n702-s503
sv-037:m26n702-s508,m26n702-s508
sv-037:m26n702-s506,m26n702-s506
sv-037:m26n705-s507,m26n705-s507
sv-037:m26n702-s511,m26n702-s511
sv-037:m26n705-s510,m26n705-s510
sv-037:m26n702-s510,m26n702-s510
sv-037:m26n715-s508,m26n715-s508
sv-038:m26n711-s502,m26n711-s502
sv-038:m26n711-s505,m26n711-s505
sv-038:m26n714-s502,m26n714-s502
sv-038:m26n711-s507,m26n711-s507
sv-038:m26n711-s510,m26n711-s510
sv-038:m26n714-s505,m26n714-s505
sv-038:m26n711-s520,m26n711-s520
sv-039:m26n705-s507,m26n705-s507
sv-039:m26n705-s510,m26n705-s510
sv-039:m26n702-s506,m26n702-s506
sv-039:m26n702-s503,m26n702-s503
sv-039:m26n702-s508,m26n702-s508
sv-039:m26n702-s511,m26n702-s511
sv-039:m26n706-s503,m26n706-s503
sv-039:m26n706-s506,m26n706-s506
sv-039:m26n703-s502,m26n703-s502
sv-039:m26n703-s505,m26n703-s505
sv-039:m26n715-s506,m26n715-s506
sv-039:m26n703-s507,m26n703-s507
sv-039:m26n714-s507,m26n714-s507
sv-039:m26n715-s503,m26n715-s503
sv-039:m26n714-s510,m26n714-s510
sv-039:m26n703-s510,m26n703-s510
sv-039:m26n706-s508,m26n706-s508
sv-039:m26n704-s511,m26n704-s511
sv-039:m26n704-s508,m26n704-s508
sv-039:m26n704-s506,m26n704-s506
sv-039:m26n706-s511,m26n706-s511
sv-039:m26n704-s503,m26n704-s503
sv-039:m26n705-s520,m26n705-s520
sv-039:m26n702-s510,m26n702-s510
sv-040:m26n712-s508,m26n712-s508
sv-040:m26n712-s511,m26n712-s511
sv-040:m26n710-s503,m26n710-s503
sv-040:m26n710-s508,m26n710-s508
sv-040:m26n710-s511,m26n710-s511
sv-040:m26n702-s503,m26n702-s503
sv-040:m26n710-s506,m26n710-s506
sv-040:m26n702-s508,m26n702-s508
sv-040:m26n702-s506,m26n702-s506
sv-040:m26n705-s507,m26n705-s507
sv-040:m26n702-s511,m26n702-s511
sv-040:m26n705-s510,m26n705-s510
sv-040:m26n714-s507,m26n714-s507
sv-040:m26n715-s506,m26n715-s506
sv-040:m26n714-s510,m26n714-s510
sv-040:m26n715-s503,m26n715-s503
sv-041:m26n711-s502,m26n711-s502
sv-041:m26n714-s502,m26n714-s502
sv-041:m26n711-s505,m26n711-s505
sv-041:m26n711-s510,m26n711-s510
sv-041:m26n711-s507,m26n711-s507
sv-041:m26n714-s505,m26n714-s505
sv-042:m26n715-s506,m26n715-s506
sv-042:m26n715-s503,m26n715-s503
sv-042:m26n714-s510,m26n714-s510
sv-042:m26n714-s507,m26n714-s507
sv-042:m26n702-s503,m26n702-s503
sv-042:m26n702-s508,m26n702-s508
sv-042:m26n702-s506,m26n702-s506
sv-042:m26n702-s511,m26n702-s511
sv-042:m26n705-s507,m26n705-s507
sv-042:m26n705-s510,m26n705-s510
sv-043:m26n706-s503,m26n706-s503
sv-043:m26n703-s502,m26n703-s502
sv-043:m26n703-s507,m26n703-s507
sv-043:m26n703-s505,m26n703-s505
sv-043:m26n706-s506,m26n706-s506
sv-043:m26n703-s510,m26n703-s510
sv-043:m26n702-s506,m26n702-s506
sv-043:m26n704-s506,m26n704-s506
sv-043:m26n705-s510,m26n705-s510
sv-043:m26n705-s507,m26n705-s507
sv-043:m26n702-s508,m26n702-s508
sv-043:m26n702-s503,m26n702-s503
sv-043:m26n704-s503,m26n704-s503
sv-043:m26n704-s508,m26n704-s508
sv-043:m26n702-s511,m26n702-s511
sv-043:m26n704-s511,m26n704-s511
sv-043:m26n715-s503,m26n715-s503
sv-043:m26n706-s508,m26n706-s508
sv-043:m26n701-s507,m26n701-s507
sv-043:m26n714-s510,m26n714-s510
sv-043:m26n706-s511,m26n706-s511
sv-043:m26n715-s506,m26n715-s506
sv-043:m26n701-s502,m26n701-s502
sv-043:m26n705-s505,m26n705-s505
sv-043:m26n705-s502,m26n705-s502
sv-043:m26n701-s505,m26n701-s505
sv-043:m26n714-s507,m26n714-s507
sv-043:m26n701-s510,m26n701-s510
sv-044:m26n712-s508,m26n712-s508
sv-044:m26n712-s511,m26n712-s511
sv-044:m26n710-s503,m26n710-s503
sv-044:m26n710-s511,m26n710-s511
sv-044:m26n710-s508,m26n710-s508
sv-044:m26n710-s506,m26n710-s506
sv-044:m26n702-s503,m26n702-s503
sv-044:m26n702-s506,m26n702-s506
sv-044:m26n702-s511,m26n702-s511
sv-044:m26n705-s507,m26n705-s507
sv-044:m26n702-s508,m26n702-s508
sv-044:m26n705-s510,m26n705-s510
sv-044:m26n710-s502,m26n710-s502
sv-045:m26n705-s502,m26n705-s502
sv-045:m26n701-s505,m26n701-s505
sv-045:m26n701-s510,m26n701-s510
sv-045:m26n705-s505,m26n705-s505
sv-045:m26n701-s502,m26n701-s502
sv-045:m26n701-s507,m26n701-s507
sv-045:m26n715-s506,m26n715-s506
sv-045:m26n715-s503,m26n715-s503
sv-045:m26n714-s510,m26n714-s510
sv-045:m26n714-s507,m26n714-s507
sv-045:m26n706-s508,m26n706-s508
sv-045:m26n704-s506,m26n704-s506
sv-045:m26n704-s503,m26n704-s503
sv-045:m26n704-s508,m26n704-s508
sv-045:m26n706-s511,m26n706-s511
sv-045:m26n704-s511,m26n704-s511
sv-046:m26n706-s503,m26n706-s503
sv-046:m26n703-s505,m26n703-s505
sv-046:m26n703-s502,m26n703-s502
sv-046:m26n703-s507,m26n703-s507
sv-046:m26n706-s506,m26n706-s506
sv-046:m26n703-s510,m26n703-s510
sv-046:m26n701-s502,m26n701-s502
sv-046:m26n715-s503,m26n715-s503
sv-046:m26n701-s507,m26n701-s507
sv-046:m26n701-s505,m26n701-s505
sv-046:m26n715-s506,m26n715-s506
sv-046:m26n704-s506,m26n704-s506
sv-046:m26n704-s503,m26n704-s503
sv-046:m26n701-s510,m26n701-s510
sv-046:m26n705-s502,m26n705-s502
sv-046:m26n705-s505,m26n705-s505
sv-046:m26n704-s511,m26n704-s511
sv-046:m26n714-s507,m26n714-s507
sv-046:m26n704-s508,m26n704-s508
sv-046:m26n714-s510,m26n714-s510
sv-046:m26n706-s511,m26n706-s511
sv-046:m26n706-s508,m26n706-s508
sv-047:m26n706-s503,m26n706-s503
sv-047:m26n706-s506,m26n706-s506
sv-047:m26n703-s507,m26n703-s507
sv-047:m26n703-s505,m26n703-s505
sv-047:m26n703-s502,m26n703-s502
sv-047:m26n703-s510,m26n703-s510
sv-047:m26n702-s508,m26n702-s508
sv-047:m26n702-s506,m26n702-s506
sv-047:m26n702-s511,m26n702-s511
sv-047:m26n702-s503,m26n702-s503
sv-047:m26n705-s507,m26n705-s507
sv-047:m26n705-s510,m26n705-s510
sv-047:m26n704-s506,m26n704-s506
sv-047:m26n704-s508,m26n704-s508
sv-047:m26n714-s507,m26n714-s507
sv-047:m26n704-s511,m26n704-s511
sv-047:m26n704-s503,m26n704-s503
sv-047:m26n705-s502,m26n705-s502
sv-047:m26n706-s508,m26n706-s508
sv-047:m26n714-s510,m26n714-s510
sv-047:m26n715-s506,m26n715-s506
sv-047:m26n701-s505,m26n701-s505
sv-047:m26n701-s510,m26n701-s510
sv-047:m26n715-s503,m26n715-s503
sv-047:m26n706-s511,m26n706-s511
sv-047:m26n705-s505,m26n705-s505
sv-047:m26n701-s502,m26n701-s502
sv-047:m26n701-s507,m26n701-s507
sv-048:m26n715-s506,m26n715-s506
sv-048:m26n715-s503,m26n715-s503
sv-048:m26n714-s507,m26n714-s507
sv-048:m26n714-s510,m26n714-s510
sv-048:m26n706-s503,m26n706-s503
sv-048:m26n702-s503,m26n702-s503
sv-048:m26n702-s506,m26n702-s506
sv-048:m26n703-s507,m26n703-s507
sv-048:m26n703-s505,m26n703-s505
sv-048:m26n702-s508,m26n702-s508
sv-048:m26n705-s507,m26n705-s507
sv-048:m26n703-s502,m26n703-s502
sv-048:m26n702-s511,m26n702-s511
sv-048:m26n706-s506,m26n706-s506
sv-048:m26n703-s510,m26n703-s510
sv-048:m26n705-s510,m26n705-s510
sv-048:m26n704-s503,m26n704-s503
sv-048:m26n704-s506,m26n704-s506
sv-049:m26n706-s503,m26n706-s503
sv-049:m26n706-s506,m26n706-s506
sv-049:m26n703-s502,m26n703-s502
sv-049:m26n703-s507,m26n703-s507
sv-049:m26n703-s505,m26n703-s505
sv-049:m26n703-s510,m26n703-s510
sv-049:m26n705-s507,m26n705-s507
sv-049:m26n705-s510,m26n705-s510
sv-049:m26n702-s506,m26n702-s506
sv-049:m26n704-s508,m26n704-s508
sv-049:m26n706-s508,m26n706-s508
sv-049:m26n702-s503,m26n702-s503
sv-049:m26n702-s508,m26n702-s508
sv-049:m26n704-s506,m26n704-s506
sv-049:m26n706-s511,m26n706-s511
sv-049:m26n704-s503,m26n704-s503
sv-049:m26n704-s511,m26n704-s511
sv-049:m26n702-s511,m26n702-s511
sv-050:m26n706-s503,m26n706-s503
sv-050:m26n703-s507,m26n703-s507
sv-050:m26n703-s502,m26n703-s502
sv-050:m26n703-s505,m26n703-s505
sv-050:m26n706-s506,m26n706-s506
sv-050:m26n703-s510,m26n703-s510
sv-050:m26n715-s506,m26n715-s506
sv-050:m26n714-s507,m26n714-s507
sv-050:m26n715-s503,m26n715-s503
sv-050:m26n714-s510,m26n714-s510
sv-051:m26n705-s507,m26n705-s507
sv-051:m26n702-s503,m26n702-s503
sv-051:m26n702-s506,m26n702-s506
sv-051:m26n705-s510,m26n705-s510
sv-051:m26n702-s508,m26n702-s508
sv-051:m26n702-s511,m26n702-s511
sv-051:m26n715-s503,m26n715-s503
sv-051:m26n715-s506,m26n715-s506
sv-051:m26n714-s507,m26n714-s507
sv-052:m26n706-s503,m26n706-s503
sv-052:m26n703-s502,m26n703-s502
sv-052:m26n703-s507,m26n703-s507
sv-052:m26n703-s505,m26n703-s505
sv-052:m26n706-s506,m26n706-s506
sv-052:m26n703-s510,m26n703-s510
sv-052:m26n715-s506,m26n715-s506
sv-052:m26n714-s507,m26n714-s507
sv-052:m26n715-s503,m26n715-s503
sv-052:m26n714-s510,m26n714-s510
sv-053:m26n705-s502,m26n705-s502
sv-053:m26n701-s510,m26n701-s510
sv-053:m26n701-s505,m26n701-s505
sv-053:m26n701-s502,m26n701-s502
sv-053:m26n705-s505,m26n705-s505
sv-053:m26n701-s507,m26n701-s507
sv-054:m26n714-s502,m26n714-s502
sv-054:m26n714-s505,m26n714-s505
sv-054:m26n711-s502,m26n711-s502
sv-054:m26n711-s505,m26n711-s505
sv-054:m26n711-s507,m26n711-s507
sv-054:m26n711-s510,m26n711-s510
sv-054:m26n711-s520,m26n711-s520
sv-055:m26n701-s505,m26n701-s505
sv-055:m26n701-s502,m26n701-s502
sv-055:m26n701-s507,m26n701-s507
sv-055:m26n701-s510,m26n701-s510
sv-055:m26n705-s502,m26n705-s502
sv-055:m26n705-s505,m26n705-s505
sv-055:m26n704-s506,m26n704-s506
sv-055:m26n703-s507,m26n703-s507
sv-055:m26n714-s510,m26n714-s510
sv-055:m26n703-s502,m26n703-s502
sv-055:m26n704-s508,m26n704-s508
sv-055:m26n706-s503,m26n706-s503
sv-055:m26n704-s503,m26n704-s503
sv-055:m26n703-s510,m26n703-s510
sv-055:m26n706-s506,m26n706-s506
sv-055:m26n714-s507,m26n714-s507
sv-055:m26n715-s503,m26n715-s503
sv-055:m26n704-s511,m26n704-s511
sv-055:m26n706-s508,m26n706-s508
sv-055:m26n702-s503,m26n702-s503
sv-056:m26n715-s506,m26n715-s506
sv-056:m26n715-s503,m26n715-s503
sv-056:m26n714-s510,m26n714-s510
sv-056:m26n702-s503,m26n702-s503
sv-056:m26n714-s507,m26n714-s507
sv-056:m26n702-s508,m26n702-s508
sv-056:m26n702-s506,m26n702-s506
sv-056:m26n705-s507,m26n705-s507
sv-056:m26n702-s511,m26n702-s511
sv-056:m26n705-s510,m26n705-s510
sv-057:m26n706-s503,m26n706-s503
sv-057:m26n703-s502,m26n703-s502
sv-057:m26n703-s505,m26n703-s505
sv-057:m26n703-s507,m26n703-s507
sv-057:m26n706-s506,m26n706-s506
sv-057:m26n703-s510,m26n703-s510
sv-057:m26n714-s510,m26n714-s510
sv-057:m26n715-s506,m26n715-s506
sv-057:m26n704-s508,m26n704-s508
sv-057:m26n704-s506,m26n704-s506
sv-057:m26n715-s503,m26n715-s503
sv-057:m26n701-s505,m26n701-s505
sv-057:m26n704-s503,m26n704-s503
sv-057:m26n705-s502,m26n705-s502
sv-057:m26n714-s507,m26n714-s507
sv-057:m26n704-s511,m26n704-s511
sv-057:m26n701-s502,m26n701-s502
sv-057:m26n701-s507,m26n701-s507
sv-057:m26n701-s510,m26n701-s510
sv-057:m26n706-s508,m26n706-s508
sv-057:m26n706-s511,m26n706-s511
sv-057:m26n703-s520,m26n703-s520
sv-058:m26n702-s503,m26n702-s503
sv-058:m26n702-s508,m26n702-s508
sv-058:m26n702-s506,m26n702-s506
sv-058:m26n715-s506,m26n715-s506
sv-058:m26n702-s511,m26n702-s511
sv-058:m26n715-s503,m26n715-s503
sv-058:m26n705-s510,m26n705-s510
sv-058:m26n705-s507,m26n705-s507
sv-058:m26n714-s510,m26n714-s510
sv-058:m26n714-s507,m26n714-s507
sv-058:m26n703-s505,m26n703-s505
sv-058:m26n703-s507,m26n703-s507
sv-058:m26n706-s503,m26n706-s503
sv-058:m26n703-s502,m26n703-s502
sv-058:m26n703-s510,m26n703-s510
sv-058:m26n706-s506,m26n706-s506
sv-058:m26n701-s510,m26n701-s510
sv-058:m26n701-s502,m26n701-s502
sv-058:m26n701-s505,m26n701-s505
sv-058:m26n705-s505,m26n705-s505
sv-058:m26n704-s508,m26n704-s508
sv-058:m26n705-s502,m26n705-s502
sv-058:m26n701-s507,m26n701-s507
sv-059:m26n702-s503,m26n702-s503
sv-059:m26n702-s508,m26n702-s508
sv-059:m26n702-s506,m26n702-s506
sv-059:m26n702-s511,m26n702-s511
sv-059:m26n705-s507,m26n705-s507
sv-059:m26n705-s510,m26n705-s510
sv-059:m26n706-s503,m26n706-s503
sv-059:m26n703-s507,m26n703-s507
sv-059:m26n703-s502,m26n703-s502
sv-059:m26n703-s505,m26n703-s505
sv-059:m26n706-s506,m26n706-s506
sv-059:m26n703-s510,m26n703-s510
sv-060:m26n701-s505,m26n701-s505
sv-060:m26n705-s505,m26n705-s505
sv-060:m26n701-s502,m26n701-s502
sv-060:m26n701-s507,m26n701-s507
sv-060:m26n701-s510,m26n701-s510
sv-060:m26n715-s506,m26n715-s506
sv-060:m26n705-s502,m26n705-s502
sv-060:m26n715-s503,m26n715-s503
sv-060:m26n714-s510,m26n714-s510
sv-060:m26n714-s507,m26n714-s507
sv-060:m26n703-s507,m26n703-s507
sv-060:m26n703-s502,m26n703-s502
sv-060:m26n703-s505,m26n703-s505
sv-060:m26n706-s503,m26n706-s503
sv-060:m26n703-s510,m26n703-s510
sv-061:m26n714-s510,m26n714-s510
sv-061:m26n714-s507,m26n714-s507
sv-061:m26n715-s506,m26n715-s506
sv-061:m26n715-s503,m26n715-s503
sv-062:m26n706-s503,m26n706-s503
sv-062:m26n703-s507,m26n703-s507
sv-062:m26n703-s505,m26n703-s505
sv-062:m26n703-s502,m26n703-s502
sv-062:m26n706-s506,m26n706-s506
sv-062:m26n703-s510,m26n703-s510
sv-062:m26n715-s506,m26n715-s506
sv-062:m26n715-s503,m26n715-s503
sv-062:m26n714-s507,m26n714-s507
sv-062:m26n714-s510,m26n714-s510
sv-062:m26n704-s511,m26n704-s511
sv-062:m26n704-s506,m26n704-s506
sv-062:m26n705-s502,m26n705-s502
sv-062:m26n704-s503,m26n704-s503
sv-062:m26n704-s508,m26n704-s508
sv-062:m26n706-s508,m26n706-s508
sv-063:m26n714-s502,m26n714-s502
sv-063:m26n714-s505,m26n714-s505
sv-063:m26n711-s505,m26n711-s505
sv-063:m26n711-s502,m26n711-s502
sv-063:m26n711-s510,m26n711-s510
sv-063:m26n711-s507,m26n711-s507
sv-063:m26n706-s503,m26n706-s503
sv-063:m26n706-s506,m26n706-s506
sv-063:m26n703-s505,m26n703-s505
sv-063:m26n703-s502,m26n703-s502
sv-063:m26n703-s510,m26n703-s510
sv-064:m26n701-s502,m26n701-s502
sv-064:m26n701-s507,m26n701-s507
sv-064:m26n701-s505,m26n701-s505
sv-064:m26n701-s510,m26n701-s510
sv-064:m26n705-s502,m26n705-s502
sv-064:m26n705-s505,m26n705-s505
sv-065:m26n706-s503,m26n706-s503
sv-065:m26n706-s506,m26n706-s506
sv-065:m26n703-s502,m26n703-s502
sv-065:m26n703-s505,m26n703-s505
sv-065:m26n703-s507,m26n703-s507
sv-065:m26n703-s510,m26n703-s510
sv-065:m26n715-s503,m26n715-s503
sv-065:m26n714-s510,m26n714-s510
sv-065:m26n714-s507,m26n714-s507
sv-065:m26n715-s506,m26n715-s506
sv-065:m26n705-s505,m26n705-s505
sv-065:m26n701-s507,m26n701-s507
sv-066:m26n702-s503,m26n702-s503
sv-066:m26n702-s508,m26n702-s508
sv-066:m26n702-s506,m26n702-s506
sv-066:m26n705-s507,m26n705-s507
sv-066:m26n702-s511,m26n702-s511
sv-066:m26n705-s510,m26n705-s510
sv-067:m26n703-s502,m26n703-s502
sv-067:m26n703-s505,m26n703-s505
sv-067:m26n706-s503,m26n706-s503
sv-067:m26n703-s510,m26n703-s510
sv-067:m26n703-s507,m26n703-s507
sv-067:m26n706-s506,m26n706-s506
sv-068:m26n704-s508,m26n704-s508
sv-068:m26n704-s506,m26n704-s506
sv-068:m26n704-s503,m26n704-s503
sv-068:m26n706-s508,m26n706-s508
sv-068:m26n704-s511,m26n704-s511
sv-068:m26n706-s511,m26n706-s511
sv-068:m26n714-s510,m26n714-s510
sv-068:m26n714-s507,m26n714-s507
sv-068:m26n706-s503,m26n706-s503
sv-068:m26n706-s506,m26n706-s506
sv-068:m26n703-s505,m26n703-s505
sv-068:m26n703-s507,m26n703-s507
sv-068:m26n703-s510,m26n703-s510
sv-068:m26n703-s502,m26n703-s502
sv-068:m26n715-s506,m26n715-s506
sv-068:m26n705-s502,m26n705-s502
sv-068:m26n701-s507,m26n701-s507
sv-068:m26n701-s502,m26n701-s502
sv-068:m26n715-s503,m26n715-s503
sv-069:m26n703-s505,m26n703-s505
sv-069:m26n703-s507,m26n703-s507
sv-069:m26n703-s502,m26n703-s502
sv-069:m26n706-s503,m26n706-s503
sv-069:m26n703-s510,m26n703-s510
sv-069:m26n706-s506,m26n706-s506
sv-069:m26n701-s502,m26n701-s502
sv-069:m26n705-s502,m26n705-s502
sv-069:m26n701-s507,m26n701-s507
sv-069:m26n701-s510,m26n701-s510
sv-069:m26n715-s506,m26n715-s506
sv-069:m26n714-s510,m26n714-s510
sv-069:m26n704-s506,m26n704-s506
sv-069:m26n704-s508,m26n704-s508
sv-069:m26n704-s511,m26n704-s511
sv-070:m26n706-s503,m26n706-s503
sv-070:m26n706-s506,m26n706-s506
sv-070:m26n703-s502,m26n703-s502
sv-070:m26n703-s505,m26n703-s505
sv-070:m26n703-s507,m26n703-s507
sv-070:m26n703-s510,m26n703-s510
sv-071:m26n715-s503,m26n715-s503
sv-071:m26n715-s506,m26n715-s506
sv-071:m26n703-s502,m26n703-s502
sv-071:m26n703-s505,m26n703-s505
sv-071:m26n703-s507,m26n703-s507
sv-071:m26n706-s503,m26n706-s503
sv-071:m26n703-s510,m26n703-s510
sv-071:m26n705-s502,m26n705-s502
sv-071:m26n706-s506,m26n706-s506
sv-071:m26n701-s507,m26n701-s507
sv-071:m26n701-s505,m26n701-s505
sv-071:m26n701-s502,m26n701-s502
sv-071:m26n705-s505,m26n705-s505
sv-071:m26n701-s510,m26n701-s510
sv-071:m26n714-s510,m26n714-s510
sv-071:m26n714-s507,m26n714-s507
sv-072:m26n715-s506,m26n715-s506
sv-072:m26n715-s503,m26n715-s503
sv-072:m26n714-s507,m26n714-s507
sv-072:m26n704-s508,m26n704-s508
sv-072:m26n704-s506,m26n704-s506
sv-072:m26n704-s503,m26n704-s503
sv-072:m26n714-s510,m26n714-s510
sv-072:m26n704-s511,m26n704-s511
sv-072:m26n706-s508,m26n706-s508
sv-072:m26n706-s511,m26n706-s511
sv-072:m26n702-s503,m26n702-s503
sv-072:m26n702-s506,m26n702-s506
sv-072:m26n702-s511,m26n702-s511
sv-072:m26n702-s508,m26n702-s508
sv-072:m26n705-s507,m26n705-s507
sv-072:m26n705-s510,m26n705-s510
sv-072:m26n701-s510,m26n701-s510
sv-072:m26n705-s505,m26n705-s505
sv-072:m26n701-s505,m26n701-s505
sv-073:m26n715-s508,m26n715-s508
sv-073:m26n715-s511,m26n715-s511
sv-073:m26n701-s505,m26n701-s505
sv-073:m26n704-s506,m26n704-s506
sv-074:m26n703-s505,m26n703-s505
sv-074:m26n703-s507,m26n703-s507
sv-074:m26n703-s502,m26n703-s502
sv-074:m26n706-s503,m26n706-s503
sv-074:m26n703-s510,m26n703-s510
sv-074:m26n706-s506,m26n706-s506
sv-074:m26n706-s508,m26n706-s508
sv-074:m26n704-s506,m26n704-s506
sv-075:m26n706-s503,m26n706-s503
sv-075:m26n703-s502,m26n703-s502
sv-075:m26n703-s505,m26n703-s505
sv-075:m26n703-s507,m26n703-s507
sv-075:m26n706-s506,m26n706-s506
sv-075:m26n703-s510,m26n703-s510
sv-075:m26n715-s503,m26n715-s503
sv-075:m26n715-s506,m26n715-s506
sv-075:m26n714-s510,m26n714-s510
sv-076:m26n714-s510,m26n714-s510
sv-076:m26n714-s507,m26n714-s507
sv-076:m26n715-s503,m26n715-s503
sv-076:m26n715-s506,m26n715-s506
sv-076:m26n705-s502,m26n705-s502
sv-076:m26n701-s507,m26n701-s507
sv-076:m26n701-s510,m26n701-s510
sv-076:m26n701-s502,m26n701-s502
sv-076:m26n701-s505,m26n701-s505
sv-076:m26n705-s505,m26n705-s505
sv-076:m26n702-s508,m26n702-s508
sv-076:m26n705-s507,m26n705-s507
sv-076:m26n702-s506,m26n702-s506
sv-076:m26n702-s511,m26n702-s511
sv-077:m26n702-s503,m26n702-s503
sv-077:m26n702-s506,m26n702-s506
sv-077:m26n702-s508,m26n702-s508
sv-077:m26n702-s511,m26n702-s511
sv-077:m26n705-s507,m26n705-s507
sv-077:m26n705-s510,m26n705-s510
sv-078:m26n714-s510,m26n714-s510
sv-078:m26n714-s507,m26n714-s507
sv-078:m26n715-s503,m26n715-s503
sv-078:m26n715-s506,m26n715-s506
sv-079:m26n715-s506,m26n715-s506
sv-079:m26n715-s503,m26n715-s503
sv-079:m26n714-s510,m26n714-s510
sv-079:m26n714-s507,m26n714-s507
sv-080:m26n702-s503,m26n702-s503
sv-080:m26n702-s506,m26n702-s506
sv-080:m26n702-s508,m26n702-s508
sv-080:m26n705-s507,m26n705-s507
sv-080:m26n702-s511,m26n702-s511
sv-080:m26n705-s510,m26n705-s510
sv-081:m26n706-s503,m26n706-s503
sv-081:m26n703-s502,m26n703-s502
sv-081:m26n703-s507,m26n703-s507
sv-081:m26n703-s505,m26n703-s505
sv-081:m26n706-s506,m26n706-s506
sv-081:m26n703-s510,m26n703-s510
sv-081:m26n704-s506,m26n704-s506
sv-081:m26n714-s510,m26n714-s510
sv-082:m26n706-s503,m26n706-s503
sv-082:m26n703-s507,m26n703-s507
sv-082:m26n706-s506,m26n706-s506
sv-082:m26n703-s505,m26n703-s505
sv-082:m26n703-s510,m26n703-s510
sv-082:m26n703-s502,m26n703-s502
sv-082:m26n704-s508,m26n704-s508
sv-082:m26n704-s506,m26n704-s506
sv-082:m26n706-s511,m26n706-s511
sv-082:m26n706-s508,m26n706-s508
sv-082:m26n704-s503,m26n704-s503
sv-082:m26n704-s511,m26n704-s511
sv-082:m26n715-s506,m26n715-s506
sv-082:m26n714-s507,m26n714-s507
sv-082:m26n715-s503,m26n715-s503
sv-082:m26n714-s510,m26n714-s510
sv-082:m26n705-s502,m26n705-s502
sv-083:m26n715-s506,m26n715-s506
sv-083:m26n715-s503,m26n715-s503
sv-083:m26n703-s505,m26n703-s505
sv-083:m26n706-s503,m26n706-s503
sv-083:m26n703-s502,m26n703-s502
sv-083:m26n703-s507,m26n703-s507
sv-083:m26n703-s510,m26n703-s510
sv-083:m26n706-s506,m26n706-s506
sv-083:m26n714-s510,m26n714-s510
sv-083:m26n714-s507,m26n714-s507
sv-084:m26n702-s506,m26n702-s506
sv-084:m26n702-s503,m26n702-s503
sv-084:m26n702-s508,m26n702-s508
sv-084:m26n705-s507,m26n705-s507
sv-084:m26n702-s511,m26n702-s511
sv-084:m26n705-s510,m26n705-s510
sv-084:m26n715-s506,m26n715-s506
sv-084:m26n715-s503,m26n715-s503
sv-084:m26n714-s507,m26n714-s507
sv-084:m26n714-s510,m26n714-s510
sv-085:m26n702-s503,m26n702-s503
sv-085:m26n705-s507,m26n705-s507
sv-085:m26n702-s508,m26n702-s508
sv-085:m26n702-s511,m26n702-s511
sv-085:m26n705-s510,m26n705-s510
sv-085:m26n702-s506,m26n702-s506
sv-085:m26n704-s506,m26n704-s506
sv-085:m26n704-s508,m26n704-s508
sv-085:m26n704-s503,m26n704-s503
sv-086:m26n702-s506,m26n702-s506
sv-086:m26n702-s508,m26n702-s508
sv-086:m26n702-s511,m26n702-s511
sv-086:m26n702-s503,m26n702-s503
sv-086:m26n705-s507,m26n705-s507
sv-086:m26n705-s510,m26n705-s510
sv-086:m26n714-s510,m26n714-s510
sv-086:m26n714-s507,m26n714-s507
sv-086:m26n715-s503,m26n715-s503
sv-086:m26n715-s506,m26n715-s506
sv-086:m26n705-s502,m26n705-s502
sv-086:m26n705-s505,m26n705-s505
sv-086:m26n701-s505,m26n701-s505
sv-087:m26n701-s505,m26n701-s505
sv-087:m26n701-s502,m26n701-s502
sv-087:m26n701-s507,m26n701-s507
sv-087:m26n701-s510,m26n701-s510
sv-087:m26n705-s505,m26n705-s505
sv-087:m26n705-s502,m26n705-s502
sv-088:m26n715-s506,m26n715-s506
sv-088:m26n715-s503,m26n715-s503
sv-088:m26n714-s507,m26n714-s507
sv-088:m26n714-s510,m26n714-s510
sv-089:m26n701-s507,m26n701-s507
sv-089:m26n705-s502,m26n705-s502
sv-089:m26n701-s510,m26n701-s510
sv-089:m26n701-s505,m26n701-s505
sv-089:m26n701-s502,m26n701-s502
sv-089:m26n705-s505,m26n705-s505
sv-090:m26n706-s503,m26n706-s503
sv-090:m26n706-s506,m26n706-s506
sv-090:m26n703-s507,m26n703-s507
sv-090:m26n703-s502,m26n703-s502
sv-090:m26n703-s505,m26n703-s505
sv-090:m26n703-s510,m26n703-s510
sv-090:m26n701-s502,m26n701-s502
sv-090:m26n701-s510,m26n701-s510
sv-090:m26n705-s502,m26n705-s502
sv-090:m26n701-s505,m26n701-s505
sv-091:m26n702-s503,m26n702-s503
sv-091:m26n702-s506,m26n702-s506
sv-091:m26n702-s508,m26n702-s508
sv-091:m26n702-s511,m26n702-s511
sv-091:m26n705-s507,m26n705-s507
sv-091:m26n714-s507,m26n714-s507
sv-091:m26n714-s510,m26n714-s510
sv-091:m26n705-s510,m26n705-s510
sv-091:m26n715-s506,m26n715-s506
sv-091:m26n715-s503,m26n715-s503
sv-092:m26n704-s508,m26n704-s508
sv-092:m26n704-s506,m26n704-s506
sv-092:m26n704-s503,m26n704-s503
sv-092:m26n704-s511,m26n704-s511
sv-092:m26n706-s511,m26n706-s511
sv-092:m26n706-s508,m26n706-s508
sv-093:m26n702-s508,m26n702-s508
sv-093:m26n702-s503,m26n702-s503
sv-093:m26n702-s506,m26n702-s506
sv-093:m26n705-s510,m26n705-s510
sv-093:m26n702-s511,m26n702-s511
sv-093:m26n705-s507,m26n705-s507
sv-094:m26n715-s506,m26n715-s506
sv-094:m26n715-s503,m26n715-s503
sv-094:m26n714-s507,m26n714-s507
sv-094:m26n714-s510,m26n714-s510
sv-095:m26n703-s505,m26n703-s505
sv-095:m26n706-s503,m26n706-s503
sv-095:m26n703-s502,m26n703-s502
sv-095:m26n706-s506,m26n706-s506
sv-095:m26n703-s507,m26n703-s507
sv-095:m26n703-s510,m26n703-s510
sv-095:m26n706-s508,m26n706-s508
sv-095:m26n715-s506,m26n715-s506
sv-095:m26n715-s503,m26n715-s503
sv-095:m26n704-s508,m26n704-s508
sv-095:m26n704-s511,m26n704-s511
sv-095:m26n705-s505,m26n705-s505
sv-095:m26n701-s502,m26n701-s502
sv-095:m26n701-s510,m26n701-s510
sv-096:m26n715-s506,m26n715-s506
sv-096:m26n715-s503,m26n715-s503
sv-096:m26n714-s510,m26n714-s510
sv-096:m26n714-s507,m26n714-s507
sv-097:m26n702-s506,m26n702-s506
sv-097:m26n702-s511,m26n702-s511
sv-097:m26n702-s508,m26n702-s508
sv-097:m26n705-s510,m26n705-s510
sv-097:m26n702-s503,m26n702-s503
sv-097:m26n705-s507,m26n705-s507
sv-097:m26n703-s507,m26n703-s507
sv-097:m26n703-s505,m26n703-s505
sv-097:m26n706-s503,m26n706-s503
sv-097:m26n703-s502,m26n703-s502
sv-097:m26n706-s506,m26n706-s506
sv-097:m26n704-s511,m26n704-s511
sv-097:m26n701-s505,m26n701-s505
sv-097:m26n704-s506,m26n704-s506
sv-097:m26n714-s507,m26n714-s507
sv-098:m26n701-s510,m26n701-s510
sv-098:m26n701-s502,m26n701-s502
sv-098:m26n705-s502,m26n705-s502
sv-098:m26n701-s507,m26n701-s507
sv-098:m26n701-s505,m26n701-s505
sv-098:m26n703-s502,m26n703-s502
sv-098:m26n705-s505,m26n705-s505
sv-098:m26n703-s505,m26n703-s505
sv-098:m26n706-s503,m26n706-s503
sv-098:m26n703-s507,m26n703-s507
sv-098:m26n703-s510,m26n703-s510
sv-098:m26n706-s506,m26n706-s506
sv-098:m26n715-s503,m26n715-s503
sv-099:m26n703-s507,m26n703-s507
sv-099:m26n703-s505,m26n703-s505
sv-099:m26n703-s502,m26n703-s502
sv-099:m26n703-s510,m26n703-s510
sv-099:m26n706-s503,m26n706-s503
sv-099:m26n706-s506,m26n706-s506
sv-100:m26n703-s502,m26n703-s502
sv-100:m26n703-s510,m26n703-s510
sv-100:m26n703-s505,m26n703-s505
sv-100:m26n703-s507,m26n703-s507
sv-100:m26n706-s503,m26n706-s503
sv-100:m26n706-s506,m26n706-s506
sv-101:m26n702-s503,m26n702-s503
sv-101:m26n705-s510,m26n705-s510
sv-101:m26n705-s507,m26n705-s507
sv-101:m26n702-s506,m26n702-s506
sv-101:m26n706-s506,m26n706-s506
sv-101:m26n703-s507,m26n703-s507
sv-101:m26n703-s502,m26n703-s502
sv-101:m26n703-s510,m26n703-s510
sv-101:m26n702-s508,m26n702-s508
sv-101:m26n706-s503,m26n706-s503
sv-101:m26n703-s505,m26n703-s505
sv-101:m26n702-s511,m26n702-s511
sv-102:m26n706-s503,m26n706-s503
sv-102:m26n703-s505,m26n703-s505
sv-102:m26n703-s502,m26n703-s502
sv-102:m26n703-s507,m26n703-s507
sv-102:m26n703-s510,m26n703-s510
sv-102:m26n706-s506,m26n706-s506
sv-102:m26n701-s505,m26n701-s505
sv-102:m26n701-s510,m26n701-s510
sv-102:m26n705-s502,m26n705-s502
sv-103:m26n701-s502,m26n701-s502
sv-103:m26n701-s505,m26n701-s505
sv-103:m26n701-s507,m26n701-s507
sv-103:m26n701-s510,m26n701-s510
sv-103:m26n705-s502,m26n705-s502
sv-103:m26n705-s505,m26n705-s505
sv-104:m26n715-s503,m26n715-s503
sv-104:m26n715-s506,m26n715-s506
sv-104:m26n703-s505,m26n703-s505
sv-104:m26n703-s502,m26n703-s502
sv-104:m26n706-s503,m26n706-s503
sv-104:m26n703-s507,m26n703-s507
sv-104:m26n706-s506,m26n706-s506
sv-104:m26n703-s510,m26n703-s510
sv-104:m26n714-s507,m26n714-s507
sv-104:m26n714-s510,m26n714-s510
sv-104:m26n705-s505,m26n705-s505
sv-105:m26n702-s508,m26n702-s508
sv-105:m26n702-s506,m26n702-s506
sv-105:m26n705-s507,m26n705-s507
sv-105:m26n702-s503,m26n702-s503
sv-105:m26n702-s511,m26n702-s511
sv-105:m26n705-s510,m26n705-s510
sv-106:m26n702-s506,m26n702-s506
sv-106:m26n705-s510,m26n705-s510
sv-106:m26n702-s503,m26n702-s503
sv-106:m26n705-s507,m26n705-s507
sv-106:m26n702-s508,m26n702-s508
sv-106:m26n702-s511,m26n702-s511
sv-107:m26n703-s505,m26n703-s505
sv-107:m26n706-s503,m26n706-s503
sv-107:m26n703-s507,m26n703-s507
sv-107:m26n703-s502,m26n703-s502
sv-107:m26n703-s510,m26n703-s510
sv-107:m26n706-s506,m26n706-s506
sv-107:m26n714-s507,m26n714-s507
sv-107:m26n714-s510,m26n714-s510
sv-107:m26n715-s506,m26n715-s506
sv-107:m26n715-s503,m26n715-s503
sv-108:m26n702-s503,m26n702-s503
sv-108:m26n705-s507,m26n705-s507
sv-108:m26n702-s506,m26n702-s506
sv-108:m26n702-s508,m26n702-s508
sv-108:m26n705-s510,m26n705-s510
sv-108:m26n702-s511,m26n702-s511
sv-109:m26n714-s507,m26n714-s507
sv-109:m26n714-s510,m26n714-s510
sv-109:m26n715-s503,m26n715-s503
sv-109:m26n715-s506,m26n715-s506
sv-110:m26n703-s507,m26n703-s507
sv-110:m26n703-s505,m26n703-s505
sv-110:m26n706-s503,m26n706-s503
sv-110:m26n703-s502,m26n703-s502
sv-110:m26n706-s506,m26n706-s506
sv-110:m26n703-s510,m26n703-s510
sv-110:m26n701-s505,m26n701-s505
sv-110:m26n701-s502,m26n701-s502
sv-110:m26n701-s510,m26n701-s510
sv-110:m26n701-s507,m26n701-s507
sv-110:m26n705-s505,m26n705-s505
sv-110:m26n705-s502,m26n705-s502
sv-111:m26n704-s506,m26n704-s506
sv-111:m26n704-s508,m26n704-s508
sv-111:m26n704-s503,m26n704-s503
sv-111:m26n706-s508,m26n706-s508
sv-111:m26n704-s511,m26n704-s511
sv-111:m26n706-s511,m26n706-s511
sv-111:m26n703-s507,m26n703-s507
sv-111:m26n706-s506,m26n706-s506
sv-111:m26n703-s502,m26n703-s502
sv-111:m26n703-s505,m26n703-s505
sv-111:m26n703-s510,m26n703-s510
sv-112:m26n715-s506,m26n715-s506
sv-112:m26n714-s510,m26n714-s510
sv-112:m26n715-s503,m26n715-s503
sv-112:m26n714-s507,m26n714-s507
sv-113:m26n706-s506,m26n706-s506
sv-113:m26n706-s503,m26n706-s503
sv-113:m26n703-s502,m26n703-s502
sv-113:m26n703-s507,m26n703-s507
sv-113:m26n703-s505,m26n703-s505
sv-113:m26n703-s510,m26n703-s510
sv-114:m26n706-s503,m26n706-s503
sv-114:m26n703-s502,m26n703-s502
sv-114:m26n703-s507,m26n703-s507
sv-114:m26n703-s505,m26n703-s505
sv-114:m26n706-s506,m26n706-s506
sv-114:m26n703-s510,m26n703-s510
sv-114:m26n714-s510,m26n714-s510
sv-114:m26n715-s503,m26n715-s503
sv-115:m26n706-s503,m26n706-s503
sv-115:m26n703-s502,m26n703-s502
sv-115:m26n703-s507,m26n703-s507
sv-115:m26n703-s505,m26n703-s505
sv-115:m26n706-s506,m26n706-s506
sv-115:m26n703-s510,m26n703-s510
sv-115:m26n702-s503,m26n702-s503
sv-115:m26n702-s506,m26n702-s506
sv-115:m26n702-s508,m26n702-s508
sv-115:m26n702-s511,m26n702-s511
sv-115:m26n705-s507,m26n705-s507
sv-116:m26n714-s507,m26n714-s507
sv-116:m26n714-s510,m26n714-s510
sv-116:m26n715-s503,m26n715-s503
sv-116:m26n715-s506,m26n715-s506
sv-117:m26n702-s506,m26n702-s506
sv-117:m26n702-s503,m26n702-s503
sv-117:m26n705-s510,m26n705-s510
sv-117:m26n702-s511,m26n702-s511
sv-117:m26n705-s507,m26n705-s507
sv-117:m26n702-s508,m26n702-s508
sv-117:m26n715-s503,m26n715-s503
sv-117:m26n715-s506,m26n715-s506
sv-117:m26n714-s510,m26n714-s510
sv-117:m26n714-s507,m26n714-s507
sv-118:m26n705-s507,m26n705-s507
sv-118:m26n705-s510,m26n705-s510
sv-118:m26n702-s508,m26n702-s508
sv-118:m26n702-s506,m26n702-s506
sv-118:m26n702-s503,m26n702-s503
sv-118:m26n702-s511,m26n702-s511
sv-119:m26n706-s503,m26n706-s503
sv-119:m26n703-s505,m26n703-s505
sv-119:m26n704-s508,m26n704-s508
sv-119:m26n705-s502,m26n705-s502
sv-119:m26n703-s502,m26n703-s502
sv-119:m26n701-s505,m26n701-s505
sv-119:m26n703-s507,m26n703-s507
sv-119:m26n706-s511,m26n706-s511
sv-119:m26n701-s507,m26n701-s507
sv-119:m26n704-s503,m26n704-s503
sv-119:m26n703-s510,m26n703-s510
sv-119:m26n704-s506,m26n704-s506
sv-119:m26n701-s502,m26n701-s502
sv-119:m26n706-s506,m26n706-s506
sv-119:m26n705-s505,m26n705-s505
sv-119:m26n704-s511,m26n704-s511
sv-119:m26n706-s508,m26n706-s508
sv-120:m26n715-s503,m26n715-s503
sv-120:m26n715-s506,m26n715-s506
sv-120:m26n714-s507,m26n714-s507
sv-120:m26n714-s510,m26n714-s510
sv-121:m26n702-s508,m26n702-s508
sv-121:m26n705-s507,m26n705-s507
sv-121:m26n705-s510,m26n705-s510
sv-121:m26n702-s506,m26n702-s506
sv-121:m26n702-s503,m26n702-s503
sv-121:m26n702-s511,m26n702-s511
sv-122:m26n715-s508,m26n715-s508
sv-122:m26n715-s511,m26n715-s511
sv-123:m26n715-s506,m26n715-s506
sv-123:m26n702-s511,m26n702-s511
sv-123:m26n702-s503,m26n702-s503
sv-123:m26n715-s503,m26n715-s503
sv-123:m26n702-s506,m26n702-s506
sv-123:m26n714-s510,m26n714-s510
sv-123:m26n714-s507,m26n714-s507
sv-124:m26n706-s503,m26n706-s503
sv-124:m26n703-s505,m26n703-s505
sv-124:m26n703-s502,m26n703-s502
sv-124:m26n703-s510,m26n703-s510
sv-124:m26n703-s507,m26n703-s507
sv-124:m26n706-s506,m26n706-s506
sv-125:m26n703-s505,m26n703-s505
sv-125:m26n703-s510,m26n703-s510
sv-125:m26n703-s507,m26n703-s507
sv-125:m26n706-s503,m26n706-s503
sv-125:m26n703-s502,m26n703-s502
sv-125:m26n706-s506,m26n706-s506
sv-126:m26n714-s507,m26n714-s507
sv-126:m26n714-s510,m26n714-s510
sv-126:m26n715-s506,m26n715-s506
sv-126:m26n715-s503,m26n715-s503
sv-127:m26n706-s503,m26n706-s503
sv-127:m26n706-s506,m26n706-s506
sv-127:m26n703-s507,m26n703-s507
sv-127:m26n703-s502,m26n703-s502
sv-127:m26n703-s510,m26n703-s510
sv-127:m26n703-s505,m26n703-s505
sv-127:m26n705-s505,m26n705-s505
sv-128:m26n703-s505,m26n703-s505
sv-128:m26n703-s507,m26n703-s507
sv-128:m26n715-s506,m26n715-s506
sv-128:m26n715-s503,m26n715-s503
sv-128:m26n703-s502,m26n703-s502
sv-128:m26n706-s506,m26n706-s506
sv-128:m26n703-s510,m26n703-s510
sv-128:m26n701-s510,m26n701-s510
sv-128:m26n705-s505,m26n705-s505
sv-128:m26n706-s503,m26n706-s503
sv-128:m26n701-s505,m26n701-s505
sv-128:m26n714-s507,m26n714-s507
sv-129:m26n702-s506,m26n702-s506
sv-129:m26n702-s511,m26n702-s511
sv-129:m26n705-s507,m26n705-s507
sv-129:m26n705-s510,m26n705-s510
sv-129:m26n702-s503,m26n702-s503
sv-129:m26n702-s508,m26n702-s508
sv-129:m26n706-s503,m26n706-s503
sv-130:m26n706-s503,m26n706-s503
sv-130:m26n703-s505,m26n703-s505
sv-130:m26n706-s506,m26n706-s506
sv-130:m26n701-s502,m26n701-s502
sv-130:m26n701-s505,m26n701-s505
sv-130:m26n703-s510,m26n703-s510
sv-130:m26n701-s507,m26n701-s507
sv-130:m26n705-s502,m26n705-s502
sv-130:m26n701-s510,m26n701-s510
sv-130:m26n703-s507,m26n703-s507
sv-130:m26n703-s502,m26n703-s502
sv-130:m26n714-s507,m26n714-s507
sv-130:m26n704-s503,m26n704-s503
sv-130:m26n704-s506,m26n704-s506
sv-130:m26n704-s508,m26n704-s508
sv-130:m26n704-s511,m26n704-s511
sv-130:m26n715-s506,m26n715-s506
sv-131:m26n706-s503,m26n706-s503
sv-131:m26n703-s505,m26n703-s505
sv-131:m26n703-s502,m26n703-s502
sv-131:m26n703-s507,m26n703-s507
sv-131:m26n703-s510,m26n703-s510
sv-131:m26n706-s506,m26n706-s506
sv-131:m26n704-s506,m26n704-s506
sv-131:m26n706-s508,m26n706-s508
sv-131:m26n704-s503,m26n704-s503
sv-131:m26n704-s508,m26n704-s508
sv-131:m26n704-s511,m26n704-s511
sv-131:m26n706-s511,m26n706-s511
sv-131:m26n701-s502,m26n701-s502
sv-131:m26n701-s510,m26n701-s510
sv-131:m26n705-s505,m26n705-s505
sv-132:m26n704-s508,m26n704-s508
sv-132:m26n704-s506,m26n704-s506
sv-132:m26n704-s503,m26n704-s503
sv-132:m26n706-s508,m26n706-s508
sv-132:m26n706-s503,m26n706-s503
sv-132:m26n704-s511,m26n704-s511
sv-132:m26n706-s511,m26n706-s511
sv-132:m26n703-s502,m26n703-s502
sv-132:m26n703-s505,m26n703-s505
sv-132:m26n703-s507,m26n703-s507
sv-132:m26n706-s506,m26n706-s506
sv-132:m26n701-s505,m26n701-s505
sv-132:m26n701-s510,m26n701-s510
sv-133:m26n701-s507,m26n701-s507
sv-133:m26n704-s503,m26n704-s503
sv-133:m26n704-s508,m26n704-s508
sv-133:m26n704-s511,m26n704-s511
sv-133:m26n706-s511,m26n706-s511
sv-133:m26n704-s506,m26n704-s506
sv-133:m26n706-s508,m26n706-s508
sv-133:m26n701-s505,m26n701-s505
sv-133:m26n705-s505,m26n705-s505
sv-133:m26n701-s510,m26n701-s510
sv-134:m26n704-s506,m26n704-s506
sv-134:m26n704-s508,m26n704-s508
sv-134:m26n704-s511,m26n704-s511
sv-134:m26n706-s508,m26n706-s508
sv-134:m26n704-s503,m26n704-s503
sv-134:m26n706-s511,m26n706-s511
sv-134:m26n714-s507,m26n714-s507
sv-135:m26n714-s507,m26n714-s507
sv-135:m26n714-s510,m26n714-s510
sv-135:m26n715-s503,m26n715-s503
sv-135:m26n715-s506,m26n715-s506
sv-136:m26n704-s503,m26n704-s503
sv-136:m26n704-s506,m26n704-s506
sv-136:m26n704-s508,m26n704-s508
sv-136:m26n706-s508,m26n706-s508
sv-136:m26n704-s511,m26n704-s511
sv-136:m26n706-s511,m26n706-s511
sv-137:m26n706-s503,m26n706-s503
sv-137:m26n703-s505,m26n703-s505
sv-137:m26n706-s506,m26n706-s506
sv-137:m26n703-s507,m26n703-s507
sv-137:m26n703-s502,m26n703-s502
sv-137:m26n703-s510,m26n703-s510
sv-138:m26n706-s503,m26n706-s503
sv-138:m26n706-s506,m26n706-s506
sv-138:m26n703-s502,m26n703-s502
sv-138:m26n703-s510,m26n703-s510
sv-139:m26n715-s508,m26n715-s508
sv-139:m26n715-s511,m26n715-s511
sv-140:m26n702-s506,m26n702-s506
sv-140:m26n702-s503,m26n702-s503
sv-140:m26n702-s508,m26n702-s508
sv-140:m26n702-s511,m26n702-s511
sv-140:m26n705-s507,m26n705-s507
sv-141:m26n715-s508,m26n715-s508
sv-141:m26n715-s511,m26n715-s511
sv-141:m26n707-s510,m26n707-s510
sv-141:m26n705-s510,m26n705-s510
sv-142:m26n715-s506,m26n715-s506
sv-142:m26n715-s503,m26n715-s503
sv-142:m26n701-s502,m26n701-s502
sv-142:m26n705-s502,m26n705-s502
sv-142:m26n701-s505,m26n701-s505
sv-142:m26n701-s510,m26n701-s510
sv-142:m26n705-s505,m26n705-s505
sv-143:m26n704-s506,m26n704-s506
sv-143:m26n704-s508,m26n704-s508
sv-143:m26n704-s503,m26n704-s503
sv-143:m26n706-s511,m26n706-s511
sv-143:m26n704-s511,m26n704-s511
sv-143:m26n715-s506,m26n715-s506
sv-143:m26n705-s502,m26n705-s502
sv-143:m26n706-s508,m26n706-s508
sv-143:m26n701-s505,m26n701-s505
sv-143:m26n714-s507,m26n714-s507
sv-144:m26n715-s508,m26n715-s508
sv-144:m26n715-s511,m26n715-s511
sv-145:m26n705-s505,m26n705-s505
sv-145:m26n701-s507,m26n701-s507
sv-145:m26n701-s510,m26n701-s510
sv-145:m26n701-s502,m26n701-s502
sv-145:m26n701-s505,m26n701-s505
sv-145:m26n705-s502,m26n705-s502
sv-146:m26n703-s507,m26n703-s507
sv-146:m26n703-s505,m26n703-s505
sv-146:m26n703-s502,m26n703-s502
sv-146:m26n706-s506,m26n706-s506
sv-146:m26n703-s510,m26n703-s510
sv-146:m26n706-s503,m26n706-s503
sv-147:m26n703-s505,m26n703-s505
sv-147:m26n706-s506,m26n706-s506
sv-147:m26n706-s503,m26n706-s503
sv-147:m26n703-s507,m26n703-s507
sv-147:m26n703-s502,m26n703-s502
sv-147:m26n703-s510,m26n703-s510
sv-148:m26n715-s506,m26n715-s506
sv-148:m26n715-s503,m26n715-s503
sv-148:m26n706-s503,m26n706-s503
sv-148:m26n703-s507,m26n703-s507
sv-148:m26n706-s506,m26n706-s506
sv-148:m26n703-s505,m26n703-s505
sv-149:m26n701-s507,m26n701-s507
sv-149:m26n701-s502,m26n701-s502
sv-149:m26n705-s505,m26n705-s505
sv-149:m26n705-s502,m26n705-s502
sv-149:m26n701-s505,m26n701-s505
sv-149:m26n701-s510,m26n701-s510
sv-149:m26n710-s503,m26n710-s503
sv-150:m26n706-s503,m26n706-s503
sv-150:m26n703-s505,m26n703-s505
sv-150:m26n703-s510,m26n703-s510
sv-150:m26n706-s506,m26n706-s506
sv-150:m26n703-s507,m26n703-s507
sv-150:m26n701-s507,m26n701-s507
sv-150:m26n701-s505,m26n701-s505
sv-150:m26n705-s502,m26n705-s502
sv-150:m26n701-s510,m26n701-s510
sv-151:m26n703-s502,m26n703-s502
sv-151:m26n703-s507,m26n703-s507
sv-151:m26n703-s510,m26n703-s510
sv-151:m26n706-s503,m26n706-s503
sv-151:m26n706-s506,m26n706-s506
sv-151:m26n703-s505,m26n703-s505
sv-151:m26n704-s503,m26n704-s503
sv-151:m26n704-s508,m26n704-s508
sv-151:m26n704-s511,m26n704-s511
sv-152:m26n705-s502,m26n705-s502
sv-152:m26n701-s507,m26n701-s507
sv-152:m26n701-s505,m26n701-s505
sv-152:m26n701-s510,m26n701-s510
sv-152:m26n701-s502,m26n701-s502
sv-153:m26n704-s506,m26n704-s506
sv-153:m26n706-s508,m26n706-s508
sv-153:m26n704-s503,m26n704-s503
sv-153:m26n704-s508,m26n704-s508
sv-153:m26n706-s511,m26n706-s511
sv-154:m26n703-s502,m26n703-s502
sv-154:m26n703-s507,m26n703-s507
sv-154:m26n706-s503,m26n706-s503
sv-154:m26n706-s506,m26n706-s506
sv-154:m26n703-s510,m26n703-s510
sv-154:m26n703-s505,m26n703-s505
sv-154:m26n701-s505,m26n701-s505
sv-154:m26n705-s502,m26n705-s502
sv-154:m26n715-s506,m26n715-s506
sv-155:m26n703-s505,m26n703-s505
sv-155:m26n702-s503,m26n702-s503
sv-155:m26n703-s507,m26n703-s507
sv-155:m26n703-s510,m26n703-s510
sv-155:m26n702-s506,m26n702-s506
sv-155:m26n702-s508,m26n702-s508
sv-155:m26n705-s507,m26n705-s507
sv-155:m26n706-s506,m26n706-s506
sv-155:m26n702-s511,m26n702-s511
sv-155:m26n703-s502,m26n703-s502
sv-155:m26n705-s510,m26n705-s510
sv-155:m26n714-s507,m26n714-s507
sv-156:m26n701-s505,m26n701-s505
sv-156:m26n701-s502,m26n701-s502
sv-156:m26n701-s507,m26n701-s507
sv-156:m26n701-s510,m26n701-s510
sv-156:m26n705-s505,m26n705-s505
sv-156:m26n705-s502,m26n705-s502
sv-157:m26n706-s503,m26n706-s503
sv-157:m26n703-s502,m26n703-s502
sv-157:m26n703-s505,m26n703-s505
sv-157:m26n703-s507,m26n703-s507
sv-157:m26n703-s510,m26n703-s510
sv-157:m26n701-s507,m26n701-s507
sv-157:m26n701-s510,m26n701-s510
sv-157:m26n701-s502,m26n701-s502
sv-158:m26n715-s508,m26n715-s508
sv-158:m26n715-s511,m26n715-s511
sv-159:m26n715-s506,m26n715-s506
sv-159:m26n715-s503,m26n715-s503
sv-159:m26n714-s510,m26n714-s510
sv-159:m26n714-s507,m26n714-s507
sv-160:m26n706-s503,m26n706-s503
sv-160:m26n703-s502,m26n703-s502
sv-160:m26n703-s505,m26n703-s505
sv-160:m26n703-s507,m26n703-s507
sv-160:m26n706-s506,m26n706-s506
sv-160:m26n703-s510,m26n703-s510
sv-160:m26n715-s506,m26n715-s506
sv-161:m26n703-s505,m26n703-s505
sv-161:m26n706-s503,m26n706-s503
sv-161:m26n706-s506,m26n706-s506
sv-161:m26n703-s502,m26n703-s502
sv-161:m26n703-s510,m26n703-s510
sv-161:m26n714-s510,m26n714-s510
sv-162:m26n703-s505,m26n703-s505
sv-162:m26n706-s503,m26n706-s503
sv-162:m26n706-s506,m26n706-s506
sv-162:m26n703-s507,m26n703-s507
sv-162:m26n703-s510,m26n703-s510
sv-162:m26n703-s502,m26n703-s502
sv-162:m26n714-s507,m26n714-s507
sv-163:m26n715-s508,m26n715-s508
sv-163:m26n715-s511,m26n715-s511
sv-164:m26n705-s502,m26n705-s502
sv-164:m26n701-s507,m26n701-s507
sv-164:m26n701-s510,m26n701-s510
sv-164:m26n701-s505,m26n701-s505
sv-164:m26n705-s505,m26n705-s505
sv-164:m26n701-s502,m26n701-s502
sv-165:m26n715-s506,m26n715-s506
sv-165:m26n715-s503,m26n715-s503
sv-166:m26n715-s506,m26n715-s506
sv-166:m26n715-s503,m26n715-s503
sv-167:m26n701-s502,m26n701-s502
sv-167:m26n705-s505,m26n705-s505
sv-167:m26n705-s502,m26n705-s502
sv-167:m26n701-s505,m26n701-s505
sv-167:m26n701-s510,m26n701-s510
sv-167:m26n701-s507,m26n701-s507
sv-168:m26n715-s508,m26n715-s508
sv-168:m26n715-s511,m26n715-s511
sv-169:m26n703-s507,m26n703-s507
sv-169:m26n703-s502,m26n703-s502
sv-169:m26n703-s505,m26n703-s505
sv-169:m26n706-s506,m26n706-s506
sv-169:m26n703-s510,m26n703-s510
sv-169:m26n701-s505,m26n701-s505
sv-169:m26n706-s503,m26n706-s503
sv-170:m26n705-s502,m26n705-s502
sv-170:m26n701-s510,m26n701-s510
sv-170:m26n701-s505,m26n701-s505
sv-170:m26n701-s502,m26n701-s502
sv-170:m26n705-s505,m26n705-s505
sv-170:m26n701-s507,m26n701-s507
sv-171:m26n706-s503,m26n706-s503
sv-171:m26n703-s502,m26n703-s502
sv-171:m26n703-s505,m26n703-s505
sv-171:m26n703-s507,m26n703-s507
sv-171:m26n703-s510,m26n703-s510
sv-171:m26n715-s503,m26n715-s503
sv-172:m26n706-s503,m26n706-s503
sv-172:m26n703-s510,m26n703-s510
sv-172:m26n706-s506,m26n706-s506
sv-172:m26n703-s502,m26n703-s502
sv-172:m26n703-s505,m26n703-s505
sv-172:m26n703-s507,m26n703-s507
sv-172:m26n714-s510,m26n714-s510
sv-173:m26n705-s502,m26n705-s502
sv-173:m26n701-s502,m26n701-s502
sv-173:m26n701-s507,m26n701-s507
sv-173:m26n705-s505,m26n705-s505
sv-173:m26n701-s505,m26n701-s505
sv-174:m26n703-s505,m26n703-s505
sv-174:m26n706-s503,m26n706-s503
sv-174:m26n706-s506,m26n706-s506
sv-174:m26n703-s507,m26n703-s507
sv-174:m26n703-s502,m26n703-s502
sv-174:m26n703-s510,m26n703-s510
sv-174:m26n714-s507,m26n714-s507
sv-175:m26n715-s506,m26n715-s506
sv-175:m26n715-s503,m26n715-s503
sv-175:m26n705-s505,m26n705-s505
sv-175:m26n701-s505,m26n701-s505
sv-175:m26n701-s502,m26n701-s502
sv-176:m26n706-s503,m26n706-s503
sv-176:m26n703-s507,m26n703-s507
sv-176:m26n703-s505,m26n703-s505
sv-176:m26n703-s502,m26n703-s502
sv-177:m26n704-s508,m26n704-s508
sv-177:m26n704-s503,m26n704-s503
sv-177:m26n704-s506,m26n704-s506
sv-177:m26n704-s511,m26n704-s511
sv-177:m26n706-s511,m26n706-s511
sv-177:m26n706-s508,m26n706-s508
sv-178:m26n701-s507,m26n701-s507
sv-178:m26n701-s502,m26n701-s502
sv-178:m26n701-s505,m26n701-s505
sv-178:m26n705-s502,m26n705-s502
sv-179:m26n701-s507,m26n701-s507
sv-179:m26n701-s505,m26n701-s505
sv-179:m26n701-s502,m26n701-s502
sv-179:m26n701-s510,m26n701-s510
sv-179:m26n705-s502,m26n705-s502
sv-179:m26n705-s505,m26n705-s505
sv-180:m26n715-s508,m26n715-s508
sv-180:m26n715-s511,m26n715-s511
sv-181:m26n715-s511,m26n715-s511
sv-181:m26n715-s508,m26n715-s508
sv-182:m26n703-s502,m26n703-s502
sv-182:m26n703-s505,m26n703-s505
sv-182:m26n703-s507,m26n703-s507
sv-182:m26n706-s503,m26n706-s503
sv-182:m26n703-s510,m26n703-s510
sv-183:m26n703-s505,m26n703-s505
sv-183:m26n703-s507,m26n703-s507
sv-183:m26n703-s502,m26n703-s502
sv-183:m26n706-s503,m26n706-s503
sv-184:m26n703-s510,m26n703-s510
sv-184:m26n703-s502,m26n703-s502
sv-184:m26n703-s507,m26n703-s507
sv-184:m26n704-s511,m26n704-s511
sv-184:m26n703-s505,m26n703-s505
sv-184:m26n704-s503,m26n704-s503
sv-184:m26n704-s506,m26n704-s506
sv-184:m26n706-s511,m26n706-s511
sv-184:m26n704-s508,m26n704-s508
sv-185:m26n715-s508,m26n715-s508
sv-185:m26n715-s511,m26n715-s511
sv-186:m26n702-s508,m26n702-s508
sv-186:m26n705-s507,m26n705-s507
sv-186:m26n702-s503,m26n702-s503
sv-187:m26n711-s502,m26n711-s502
sv-187:m26n711-s505,m26n711-s505
sv-187:m26n710-s506,m26n710-s506
sv-187:m26n707-s505,m26n707-s505
sv-188:m26n715-s503,m26n715-s503
sv-188:m26n715-s506,m26n715-s506
sv-188:m26n703-s505,m26n703-s505
sv-188:m26n703-s502,m26n703-s502
sv-188:m26n703-s507,m26n703-s507
sv-189:m26n715-s508,m26n715-s508
sv-189:m26n715-s511,m26n715-s511
sv-190:m26n706-s503,m26n706-s503
sv-190:m26n703-s507,m26n703-s507
sv-190:m26n706-s506,m26n706-s506
sv-190:m26n703-s505,m26n703-s505
sv-190:m26n703-s502,m26n703-s502
sv-190:m26n704-s508,m26n704-s508
sv-190:m26n706-s511,m26n706-s511
sv-191:m26n701-s510,m26n701-s510
sv-191:m26n701-s502,m26n701-s502
sv-191:m26n701-s505,m26n701-s505
sv-191:m26n705-s502,m26n705-s502
sv-191:m26n706-s503,m26n706-s503
sv-192:m26n712-s508,m26n712-s508
sv-192:m26n701-s502,m26n701-s502
sv-192:m26n712-s511,m26n712-s511
sv-192:m26n701-s507,m26n701-s507
sv-192:m26n701-s510,m26n701-s510
sv-192:m26n705-s502,m26n705-s502
sv-193:m26n714-s510,m26n714-s510
sv-193:m26n714-s507,m26n714-s507
sv-193:m26n715-s506,m26n715-s506
sv-193:m26n715-s503,m26n715-s503
sv-194:m26n705-s502,m26n705-s502
sv-194:m26n701-s505,m26n701-s505
sv-194:m26n701-s502,m26n701-s502
sv-194:m26n701-s507,m26n701-s507
sv-194:m26n705-s505,m26n705-s505
sv-194:m26n715-s508,m26n715-s508
sv-195:m26n701-s502,m26n701-s502
sv-195:m26n701-s505,m26n701-s505
sv-195:m26n705-s502,m26n705-s502
sv-196:m26n703-s510,m26n703-s510
sv-196:m26n703-s505,m26n703-s505
sv-196:m26n703-s502,m26n703-s502
sv-196:m26n706-s506,m26n706-s506
sv-197:m26n715-s511,m26n715-s511
sv-197:m26n715-s508,m26n715-s508
sv-198:m26n701-s507,m26n701-s507
sv-198:m26n701-s502,m26n701-s502
sv-198:m26n705-s502,m26n705-s502
sv-198:m26n701-s510,m26n701-s510
sv-199:m26n715-s508,m26n715-s508
sv-199:m26n715-s511,m26n715-s511
sv-200:m26n715-s508,m26n715-s508
sv-200:m26n715-s511,m26n715-s511
sv-201:m26n701-s505,m26n701-s505
sv-201:m26n701-s502,m26n701-s502
sv-201:m26n705-s505,m26n705-s505
sv-202:m26n701-s507,m26n701-s507
sv-202:m26n705-s502,m26n705-s502
sv-203:m26n715-s503,m26n715-s503
sv-203:m26n715-s506,m26n715-s506
sv-204:m26n703-s510,m26n703-s510
sv-204:m26n706-s506,m26n706-s506
sv-205:m26n704-s503,m26n704-s503
sv-205:m26n706-s508,m26n706-s508
sv-205:m26n704-s511,m26n704-s511
sv-206:m26n704-s508,m26n704-s508
sv-206:m26n704-s503,m26n704-s503
sv-206:m26n704-s506,m26n704-s506
sv-206:m26n706-s511,m26n706-s511
sv-206:m26n706-s508,m26n706-s508
sv-207:m26n703-s505,m26n703-s505
sv-207:m26n703-s502,m26n703-s502
sv-207:m26n706-s503,m26n706-s503
sv-208:m26n715-s506,m26n715-s506
sv-208:m26n715-s503,m26n715-s503
sv-209:m26n715-s506,m26n715-s506
sv-209:m26n715-s503,m26n715-s503
sv-210:m26n702-s503,m26n702-s503
sv-210:m26n702-s506,m26n702-s506
sv-210:m26n702-s511,m26n702-s511
sv-210:m26n705-s507,m26n705-s507
sv-210:m26n702-s508,m26n702-s508
sv-211:m26n715-s508,m26n715-s508
sv-211:m26n715-s511,m26n715-s511
sv-212:m26n704-s508,m26n704-s508
sv-212:m26n706-s508,m26n706-s508
sv-212:m26n701-s505,m26n701-s505
sv-212:m26n704-s506,m26n704-s506
sv-212:m26n704-s511,m26n704-s511
sv-212:m26n705-s505,m26n705-s505
sv-212:m26n701-s507,m26n701-s507
sv-212:m26n705-s502,m26n705-s502
sv-213:m26n715-s506,m26n715-s506
sv-213:m26n715-s503,m26n715-s503
sv-214:m26n701-s502,m26n701-s502
sv-214:m26n701-s505,m26n701-s505
sv-214:m26n701-s510,m26n701-s510
sv-214:m26n705-s502,m26n705-s502
sv-214:m26n701-s507,m26n701-s507
sv-214:m26n705-s505,m26n705-s505
sv-215:m26n701-s505,m26n701-s505
sv-215:m26n705-s505,m26n705-s505
sv-215:m26n703-s507,m26n703-s507
sv-215:m26n703-s510,m26n703-s510
sv-215:m26n706-s506,m26n706-s506
sv-216:m26n712-s506,m26n712-s506
sv-216:m26n707-s505,m26n707-s505
sv-216:m26n707-s510,m26n707-s510
sv-216:m26n707-s502,m26n707-s502
sv-217:m26n707-s520,m26n707-s520
sv-218:m26n701-s502,m26n701-s502
sv-218:m26n705-s505,m26n705-s505
sv-218:m26n701-s505,m26n701-s505
sv-218:m26n701-s510,m26n701-s510
sv-219:m26n701-s510,m26n701-s510
sv-219:m26n705-s505,m26n705-s505
sv-219:m26n701-s507,m26n701-s507
sv-219:m26n705-s502,m26n705-s502
sv-219:m26n714-s510,m26n714-s510
sv-220:m26n706-s503,m26n706-s503
sv-220:m26n703-s505,m26n703-s505
sv-220:m26n703-s507,m26n703-s507
sv-220:m26n706-s506,m26n706-s506
sv-220:m26n703-s510,m26n703-s510
sv-221:m26n705-s502,m26n705-s502
sv-221:m26n701-s507,m26n701-s507
sv-222:m26n714-s507,m26n714-s507
sv-222:m26n714-s510,m26n714-s510
sv-222:m26n715-s503,m26n715-s503
sv-222:m26n715-s506,m26n715-s506
sv-223:m26n714-s510,m26n714-s510
sv-224:m26n703-s507,m26n703-s507
sv-224:m26n703-s510,m26n703-s510
sv-224:m26n706-s503,m26n706-s503
sv-224:m26n703-s502,m26n703-s502
sv-224:m26n703-s505,m26n703-s505
sv-225:m26n705-s505,m26n705-s505
sv-225:m26n705-s502,m26n705-s502
sv-225:m26n701-s505,m26n701-s505
sv-225:m26n701-s507,m26n701-s507
sv-226:m26n715-s508,m26n715-s508
sv-226:m26n715-s511,m26n715-s511
sv-227:m26n703-s507,m26n703-s507
sv-228:m26n705-s502,m26n705-s502
sv-228:m26n701-s505,m26n701-s505
sv-229:m26n704-s503,m26n704-s503
sv-229:m26n704-s511,m26n704-s511
sv-229:m26n704-s506,m26n704-s506
sv-230:m26n715-s508,m26n715-s508
sv-230:m26n715-s511,m26n715-s511
sv-231:m26n703-s502,m26n703-s502
sv-232:m26n706-s503,m26n706-s503
sv-233:m26n706-s503,m26n706-s503
sv-233:m26n701-s502,m26n701-s502
sv-233:m26n705-s505,m26n705-s505
sv-234:m26n711-s510,m26n711-s510
sv-234:m26n710-s511,m26n710-s511
sv-234:m26n707-s510,m26n707-s510
sv-235:m26n702-s503,m26n702-s503
sv-235:m26n715-s503,m26n715-s503
sv-235:m26n705-s507,m26n705-s507
sv-235:m26n702-s508,m26n702-s508
sv-235:m26n702-s511,m26n702-s511
sv-235:m26n702-s506,m26n702-s506
sv-236:m26n715-s508,m26n715-s508
sv-236:m26n715-s511,m26n715-s511
sv-237:m26n701-s507,m26n701-s507
sv-237:m26n701-s510,m26n701-s510
sv-238:m26n701-s510,m26n701-s510
sv-239:m26n701-s502,m26n701-s502
sv-239:m26n705-s505,m26n705-s505
sv-240:m26n715-s511,m26n715-s511
sv-241:m26n705-s502,m26n705-s502
sv-241:m26n701-s502,m26n701-s502
sv-241:m26n701-s505,m26n701-s505
sv-241:m26n705-s505,m26n705-s505
sv-242:m26n706-s503,m26n706-s503
sv-242:m26n703-s507,m26n703-s507
sv-243:m26n703-s507,m26n703-s507
sv-243:m26n703-s505,m26n703-s505
sv-243:m26n703-s502,m26n703-s502
sv-243:m26n703-s510,m26n703-s510
sv-244:m26n705-s505,m26n705-s505
sv-245:m26n715-s506,m26n715-s506
sv-246:m26n706-s503,m26n706-s503
sv-246:m26n703-s505,m26n703-s505
sv-246:m26n706-s506,m26n706-s506
sv-246:m26n703-s507,m26n703-s507
sv-247:m26n703-s505,m26n703-s505
sv-247:m26n706-s503,m26n706-s503
sv-247:m26n701-s505,m26n701-s505
sv-248:m26n703-s510,m26n703-s510
sv-248:m26n703-s505,m26n703-s505
sv-249:m26n703-s502,m26n703-s502
sv-249:m26n706-s506,m26n706-s506
sv-249:m26n703-s505,m26n703-s505
sv-250:m26n701-s502,m26n701-s502
sv-250:m26n701-s510,m26n701-s510
sv-251:m26n703-s502,m26n703-s502
sv-251:m26n706-s503,m26n706-s503
sv-251:m26n701-s510,m26n701-s510
sv-252:m26n701-s505,m26n701-s505
sv-253:m26n711-s505,m26n711-s505
sv-253:m26n711-s510,m26n711-s510
sv-254:m26n710-s508,m26n710-s508
sv-254:m26n728-s517,m26n728-s517
sv-255:m26n701-s505,m26n701-s505
sv-255:m26n701-s507,m26n701-s507
sv-255:m26n701-s502,m26n701-s502
sv-256:m26n715-s511,m26n715-s511
sv-256:m26n715-s508,m26n715-s508
sv-257:m26n715-s508,m26n715-s508
sv-258:m26n701-s507,m26n701-s507
sv-258:m26n701-s505,m26n701-s505
sv-258:m26n705-s505,m26n705-s505
sv-259:m26n703-s505,m26n703-s505
sv-259:m26n701-s502,m26n701-s502
sv-260:m26n701-s502,m26n701-s502
sv-260:m26n701-s510,m26n701-s510
sv-261:m26n701-s502,m26n701-s502
sv-261:m26n705-s502,m26n705-s502
sv-261:m26n701-s505,m26n701-s505
sv-262:m26n715-s506,m26n715-s506
sv-262:m26n715-s503,m26n715-s503
sv-262:m26n714-s510,m26n714-s510
sv-263:m26n701-s507,m26n701-s507
sv-264:m26n701-s505,m26n701-s505
sv-264:m26n705-s502,m26n705-s502
sv-265:m26n705-s502,m26n705-s502
sv-266:m26n706-s503,m26n706-s503
sv-266:m26n703-s507,m26n703-s507
sv-266:m26n703-s505,m26n703-s505
sv-267:m26n701-s510,m26n701-s510
sv-268:m26n715-s511,m26n715-s511
sv-269:m26n703-s507,m26n703-s507
sv-270:m26n706-s506,m26n706-s506
sv-271:m26n715-s508,m26n715-s508
sv-271:m26n715-s511,m26n715-s511
sv-272:m26n705-s505,m26n705-s505
sv-272:m26n701-s505,m26n701-s505
sv-273:m26n701-s505,m26n701-s505
sv-273:m26n705-s502,m26n705-s502
sv-273:m26n715-s506,m26n715-s506
sv-274:m26n701-s505,m26n701-s505
sv-274:m26n701-s507,m26n701-s507
sv-274:m26n701-s510,m26n701-s510
sv-274:m26n705-s502,m26n705-s502
sv-275:m26n703-s510,m26n703-s510
sv-275:m26n703-s505,m26n703-s505
sv-276:m26n705-s505,m26n705-s505
sv-277:m26n701-s510,m26n701-s510
sv-277:m26n705-s502,m26n705-s502
sv-278:m26n705-s502,m26n705-s502
sv-279:m26n703-s505,m26n703-s505
sv-280:m26n705-s505,m26n705-s505
sv-280:m26n701-s502,m26n701-s502
sv-281:m26n705-s505,m26n705-s505
sv-281:m26n701-s507,m26n701-s507
sv-282:m26n701-s502,m26n701-s502
sv-282:m26n701-s510,m26n701-s510
sv-283:m26n701-s510,m26n701-s510
sv-283:m26n705-s505,m26n705-s505
sv-284:m26n715-s511,m26n715-s511
sv-284:m26n715-s508,m26n715-s508
sv-285:m26n703-s502,m26n703-s502
sv-286:m26n714-s510,m26n714-s510
sv-286:m26n704-s511,m26n704-s511
sv-287:m26n706-s506,m26n706-s506
sv-288:m26n701-s510,m26n701-s510
sv-289:m26n705-s502,m26n705-s502
sv-290:m26n715-s508,m26n715-s508
sv-291:m26n701-s502,m26n701-s502
sv-292:m26n705-s505,m26n705-s505
sv-292:m26n701-s505,m26n701-s505
sv-292:m26n705-s502,m26n705-s502
sv-293:m26n701-s507,m26n701-s507
sv-293:m26n701-s510,m26n701-s510
sv-294:m26n715-s508,m26n715-s508
sv-294:m26n712-s511,m26n712-s511
sv-295:m26n701-s505,m26n701-s505
sv-296:m26n703-s502,m26n703-s502
sv-297:m26n707-s520,m26n707-s520
sv-298:m26n703-s507,m26n703-s507
sv-298:m26n703-s502,m26n703-s502
sv-299:m26n701-s505,m26n701-s505
sv-300:m26n701-s502,m26n701-s502
sv-300:m26n715-s511,m26n715-s511
sv-301:m26n703-s502,m26n703-s502
sv-302:m26n703-s510,m26n703-s510
sv-303:m26n706-s511,m26n706-s511
sv-304:m26n706-s506,m26n706-s506
sv-304:m26n706-s503,m26n706-s503
sv-305:m26n705-s502,m26n705-s502
sv-306:m26n703-s502,m26n703-s502
sv-306:m26n714-s510,m26n714-s510
sv-306:m26n715-s506,m26n715-s506
sv-307:m26n705-s502,m26n705-s502
sv-307:m26n701-s502,m26n701-s502
sv-308:m26n705-s502,m26n705-s502
sv-309:m26n705-s502,m26n705-s502
sv-310:m26n706-s508,m26n706-s508
sv-311:m26n701-s502,m26n701-s502
sv-312:m26n701-s507,m26n701-s507
sv-313:m26n715-s508,m26n715-s508
sv-314:m26n702-s503,m26n702-s503
sv-314:m26n705-s510,m26n705-s510
sv-315:m26n715-s511,m26n715-s511
sv-316:m26n710-s511,m26n710-s511
sv-317:m26n703-s507,m26n703-s507
sv-317:m26n702-s506,m26n702-s506
sv-318:m26n714-s510,m26n714-s510
sv-319:m26n703-s505,m26n703-s505
sv-320:m26n715-s508,m26n715-s508
sv-321:m26n705-s505,m26n705-s505
sv-321:m26n701-s507,m26n701-s507
sv-322:m26n701-s510,m26n701-s510
sv-323:m26n701-s507,m26n701-s507
sv-324:m26n701-s507,m26n701-s507
sv-325:m26n715-s506,m26n715-s506
sv-325:m26n714-s510,m26n714-s510
sv-326:m26n701-s507,m26n701-s507
sv-326:m26n701-s505,m26n701-s505
sv-327:m26n701-s507,m26n701-s507
sv-328:m26n703-s510,m26n703-s510
sv-328:m26n711-s507,m26n711-s507
sv-329:m26n701-s507,m26n701-s507
sv-329:m26n701-s505,m26n701-s505
sv-329:m26n705-s502,m26n705-s502
sv-330:m26n701-s502,m26n701-s502
sv-330:m26n705-s505,m26n705-s505
sv-331:m26n701-s502,m26n701-s502
sv-332:m26n714-s510,m26n714-s510
sv-333:m26n707-s502,m26n707-s502
sv-334:m26n701-s507,m26n701-s507
sv-335:m26n715-s506,m26n715-s506
sv-336:m26n714-s520,m26n714-s520
sv-337:m26n701-s507,m26n701-s507
sv-338:m26n706-s506,m26n706-s506
sv-338:m26n703-s505,m26n703-s505
sv-339:m26n712-s503,m26n712-s503
sv-339:m26n705-s505,m26n705-s505
sv-340:m26n715-s506,m26n715-s506
sv-341:m26n701-s507,m26n701-s507
sv-342:m26n706-s503,m26n706-s503
sv-343:m26n706-s503,m26n706-s503
sv-344:m26n701-s510,m26n701-s510
sv-344:m26n705-s502,m26n705-s502
sv-345:m26n715-s508,m26n715-s508
sv-346:m26n701-s510,m26n701-s510
sv-347:m26n715-s508,m26n715-s508
sv-348:m26n703-s507,m26n703-s507
sv-349:m26n704-s511,m26n704-s511
sv-350:m26n701-s510,m26n701-s510
sv-351:m26n703-s510,m26n703-s510
sv-351:m26n703-s507,m26n703-s507
sv-352:m26n703-s502,m26n703-s502
sv-352:m26n706-s506,m26n706-s506
sv-353:m26n705-s502,m26n705-s502
sv-353:m26n701-s510,m26n701-s510
sv-354:m26n703-s507,m26n703-s507
sv-354:m26n705-s505,m26n705-s505
sv-355:m26n715-s506,m26n715-s506
sv-356:m26n715-s508,m26n715-s508
sv-357:m26n711-s505,m26n711-s505
sv-357:m26n711-s502,m26n711-s502
sv-358:m26n703-s507,m26n703-s507
sv-359:m26n704-s503,m26n704-s503
sv-360:m26n706-s511,m26n706-s511
sv-361:m26n715-s508,m26n715-s508
sv-362:m26n703-s505,m26n703-s505
sv-363:m26n701-s510,m26n701-s510
sv-363:m26n701-s507,m26n701-s507
sv-364:m26n701-s510,m26n701-s510
sv-365:m26n706-s503,m26n706-s503
sv-366:m26n715-s506,m26n715-s506
sv-367:m26n715-s506,m26n715-s506
sv-368:m26n711-s502,m26n711-s502
sv-369:m26n701-s510,m26n701-s510
sv-370:m26n701-s507,m26n701-s507
sv-371:m26n703-s505,m26n703-s505
sv-372:m26n711-s505,m26n711-s505
sv-373:m26n715-s506,m26n715-s506
sv-374:m26n705-s505,m26n705-s505
sv-375:m26n714-s510,m26n714-s510
sv-376:m26n705-s502,m26n705-s502
sv-377:m26n703-s502,m26n703-s502
sv-378:m26n703-s505,m26n703-s505
sv-379:m26n701-s507,m26n701-s507
sv-380:m26n715-s506,m26n715-s506
sv-381:m26n701-s510,m26n701-s510
sv-382:m26n714-s507,m26n714-s507
sv-383:m26n705-s502,m26n705-s502
sv-384:m26n701-s507,m26n701-s507
sv-385:m26n703-s510,m26n703-s510
sv-386:m26n703-s505,m26n703-s505
sv-386:m26n706-s503,m26n706-s503
sv-387:m26n701-s507,m26n701-s507
sv-388:m26n701-s502,m26n701-s502
sv-389:m26n715-s506,m26n715-s506
sv-390:m26n714-s505,m26n714-s505
sv-391:m26n705-s502,m26n705-s502
sv-392:m26n715-s506,m26n715-s506
sv-393:m26n705-s505,m26n705-s505
sv-394:m26n705-s505,m26n705-s505
sv-395:m26n706-s506,m26n706-s506
sv-396:m26n705-s502,m26n705-s502
sv-397:m26n714-s510,m26n714-s510
sv-398:m26n703-s507,m26n703-s507
sv-399:m26n705-s505,m26n705-s505
sv-400:m26n703-s505,m26n703-s505
sv-401:m26n705-s505,m26n705-s505
sv-402:m26n707-s502,m26n707-s502
sv-403:m26n703-s502,m26n703-s502
sv-404:m26n714-s507,m26n714-s507
sv-405:m26n705-s505,m26n705-s505
sv-406:m26n711-s507,m26n711-s507
sv-407:m26n714-s502,m26n714-s502
sv-408:m26n701-s507,m26n701-s507
sv-409:m26n714-s502,m26n714-s502
sv-410:m26n705-s505,m26n705-s505
sv-411:m26n702-s503,m26n702-s503
sv-412:m26n703-s507,m26n703-s507
sv-413:m26n701-s505,m26n701-s505
sv-414:m26n710-s503,m26n710-s503
sv-415:m26n701-s505,m26n701-s505
sv-416:m26n701-s505,m26n701-s505
sv-417:m26n703-s502,m26n703-s502
sv-418:m26n705-s505,m26n705-s505
sv-419:m26n715-s508,m26n715-s508
sv-420:m26n701-s510,m26n701-s510
sv-421:m26n701-s507,m26n701-s507
sv-422:m26n715-s508,m26n715-s508
sv-423:m26n703-s502,m26n703-s502
sv-424:m26n707-s505,m26n707-s505
sv-425:m26n701-s505,m26n701-s505
sv-426:m26n701-s507,m26n701-s507
sv-427:m26n706-s503,m26n706-s503
sv-428:m26n701-s502,m26n701-s502
sv-429:m26n701-s507,m26n701-s507
sv-430:m26n705-s505,m26n705-s505
sv-431:m26n705-s502,m26n705-s502
sv-432:m26n705-s502,m26n705-s502
sv-433:m26n715-s511,m26n715-s511
sv-434:m26n715-s511,m26n715-s511
sv-435:m26n701-s510,m26n701-s510
sv-436:m26n711-s502,m26n711-s502
sv-437:m26n711-s510,m26n711-s510
sv-438:m26n705-s505,m26n705-s505
sv-439:m26n701-s507,m26n701-s507
sv-440:m26n701-s502,m26n701-s502
sv-441:m26n703-s502,m26n703-s502
sv-442:m26n701-s505,m26n701-s505
sv-443:m26n701-s507,m26n701-s507
sv-444:m26n702-s511,m26n702-s511
sv-445:m26n705-s505,m26n705-s505
sv-446:m26n712-s506,m26n712-s506
sv-447:m26n715-s506,m26n715-s506
sv-448:m26n711-s507,m26n711-s507
sv-449:m26n703-s505,m26n703-s505
sv-450:m26n715-s506,m26n715-s506
sv-451:m26n715-s503,m26n715-s503
sv-452:m26n724-s503,m26n724-s503
sv-453:m26n702-s518,m26n702-s518
